{
    "images/avatar-90-50-50-10.jpg": 76,
    "images/avatar-50-90-10-10.jpg": 96,
    "images/avatar-50-10-90-90.jpg": 36,
    "images/avatar-50-50-50-50.jpg": 79,
    "images/avatar-50-10-10-50.jpg": 74,
    "images/avatar-10-90-10-90.jpg": 40,
    "images/avatar-90-10-90-50.jpg": 64,
    "images/avatar-90-90-50-50.jpg": 62,
    "images/avatar-50-90-50-10.jpg": 44,
    "images/avatar-90-10-50-50.jpg": 40,
    "images/avatar-90-50-10-10.jpg": 66,
    "images/avatar-90-10-10-10.jpg": 46,
    "images/avatar-10-90-90-10.jpg": 59,
    "images/avatar-50-90-50-90.jpg": 100,
    "images/avatar-90-90-50-10.jpg": 100,
    "images/avatar-10-90-50-90.jpg": 68,
    "images/avatar-90-50-90-10.jpg": 66,
    "images/avatar-90-90-10-10.jpg": 50,
    "images/avatar-50-10-90-50.jpg": 83,
    "images/avatar-10-10-50-50.jpg": 69,
    "images/avatar-10-50-50-90.jpg": 60,
    "images/avatar-90-50-90-50.jpg": 24,
    "images/avatar-50-50-50-10.jpg": 21,
    "images/avatar-90-90-10-90.jpg": 55,
    "images/avatar-50-10-90-10.jpg": 74,
    "images/avatar-10-50-10-90.jpg": 36,
    "images/avatar-90-10-90-10.jpg": 40,
    "images/avatar-90-50-50-50.jpg": 62,
    "images/avatar-50-10-50-50.jpg": 77,
    "images/avatar-50-90-90-10.jpg": 39,
    "images/avatar-10-90-10-10.jpg": 76,
    "images/avatar-50-50-10-10.jpg": 54,
    "images/avatar-10-90-90-90.jpg": 72,
    "images/avatar-90-50-10-50.jpg": 35,
    "images/avatar-10-10-90-90.jpg": 90,
    "images/avatar-50-90-90-90.jpg": 66,
    "images/avatar-50-90-50-50.jpg": 74,
    "images/avatar-50-50-10-50.jpg": 49,
    "images/avatar-50-50-10-90.jpg": 62,
    "images/avatar-90-50-10-90.jpg": 37,
    "images/avatar-10-10-10-90.jpg": 21,
    "images/avatar-90-10-50-90.jpg": 37,
    "images/avatar-10-50-90-50.jpg": 100,
    "images/avatar-50-50-90-90.jpg": 95,
    "images/avatar-90-90-50-90.jpg": 70,
    "images/avatar-10-50-90-10.jpg": 51,
    "images/avatar-50-10-10-90.jpg": 38,
    "images/avatar-90-50-90-90.jpg": 58,
    "images/avatar-10-90-50-50.jpg": 74,
    "images/avatar-50-10-50-90.jpg": 89,
    "images/avatar-10-50-50-10.jpg": 23,
    "images/avatar-50-10-10-10.jpg": 40,
    "images/avatar-90-90-90-10.jpg": 100,
    "images/avatar-10-10-10-10.jpg": 47,
    "images/avatar-90-90-90-90.jpg": 44,
    "images/avatar-90-90-10-50.jpg": 84,
    "images/avatar-10-50-90-90.jpg": 73,
    "images/avatar-50-50-50-90.jpg": 22,
    "images/avatar-90-10-50-10.jpg": 46,
    "images/avatar-90-90-90-50.jpg": 100,
    "images/avatar-10-10-90-10.jpg": 46,
    "images/avatar-10-90-50-10.jpg": 100,
    "images/avatar-10-50-50-50.jpg": 80,
    "images/avatar-90-10-10-90.jpg": 13,
    "images/avatar-50-90-10-50.jpg": 100,
    "images/avatar-10-10-50-10.jpg": 45,
    "images/avatar-50-10-50-10.jpg": 49,
    "images/avatar-10-10-10-50.jpg": 35,
    "images/avatar-50-50-90-10.jpg": 41,
    "images/avatar-90-10-10-50.jpg": 55,
    "images/avatar-10-90-10-50.jpg": 56,
    "images/avatar-10-90-90-50.jpg": 48,
    "images/avatar-10-10-90-50.jpg": 56
}