{
    "images/avatar-90-50-50-10.jpg": 66,
    "images/avatar-50-90-10-10.jpg": 87,
    "images/avatar-50-10-90-90.jpg": 29,
    "images/avatar-50-50-50-50.jpg": 65,
    "images/avatar-50-10-10-50.jpg": 51,
    "images/avatar-10-90-10-90.jpg": 37,
    "images/avatar-90-10-90-50.jpg": 30,
    "images/avatar-90-90-50-50.jpg": 38,
    "images/avatar-50-90-50-10.jpg": 61,
    "images/avatar-90-10-50-50.jpg": 46,
    "images/avatar-90-50-10-10.jpg": 75,
    "images/avatar-90-10-10-10.jpg": 30,
    "images/avatar-10-90-90-10.jpg": 58,
    "images/avatar-50-90-50-90.jpg": 24,
    "images/avatar-90-90-50-10.jpg": 36,
    "images/avatar-10-90-50-90.jpg": 45,
    "images/avatar-90-50-90-10.jpg": 44,
    "images/avatar-90-90-10-10.jpg": 72,
    "images/avatar-50-10-90-50.jpg": 47,
    "images/avatar-10-10-50-50.jpg": 31,
    "images/avatar-10-50-50-90.jpg": 64,
    "images/avatar-90-50-90-50.jpg": 49,
    "images/avatar-50-50-50-10.jpg": 25,
    "images/avatar-90-90-10-90.jpg": 65,
    "images/avatar-50-10-90-10.jpg": 45,
    "images/avatar-10-50-10-90.jpg": 16,
    "images/avatar-90-10-90-10.jpg": 53,
    "images/avatar-90-50-50-50.jpg": 22,
    "images/avatar-50-10-50-50.jpg": 65,
    "images/avatar-50-90-90-10.jpg": 45,
    "images/avatar-10-90-10-10.jpg": 23,
    "images/avatar-50-50-10-10.jpg": 51,
    "images/avatar-10-90-90-90.jpg": 38,
    "images/avatar-90-50-10-50.jpg": 14,
    "images/avatar-10-10-90-90.jpg": 51,
    "images/avatar-50-90-90-90.jpg": 11,
    "images/avatar-50-90-50-50.jpg": 77,
    "images/avatar-50-50-10-50.jpg": 44,
    "images/avatar-50-50-10-90.jpg": 23,
    "images/avatar-90-50-10-90.jpg": 64,
    "images/avatar-10-10-10-90.jpg": 12,
    "images/avatar-90-10-50-90.jpg": 14,
    "images/avatar-10-50-90-50.jpg": 14,
    "images/avatar-50-50-90-90.jpg": 51,
    "images/avatar-90-90-50-90.jpg": 40,
    "images/avatar-10-50-90-10.jpg": 53,
    "images/avatar-50-10-10-90.jpg": 54,
    "images/avatar-90-50-90-90.jpg": 38,
    "images/avatar-10-90-50-50.jpg": 67,
    "images/avatar-50-10-50-90.jpg": 47,
    "images/avatar-10-50-50-10.jpg": 84,
    "images/avatar-50-10-10-10.jpg": 32,
    "images/avatar-90-90-90-10.jpg": 19,
    "images/avatar-10-10-10-10.jpg": 66,
    "images/avatar-90-90-90-90.jpg": 25,
    "images/avatar-90-90-10-50.jpg": 49,
    "images/avatar-10-50-90-90.jpg": 27,
    "images/avatar-50-50-50-90.jpg": 69,
    "images/avatar-90-10-50-10.jpg": 49,
    "images/avatar-90-90-90-50.jpg": 28,
    "images/avatar-10-10-90-10.jpg": 73,
    "images/avatar-10-90-50-10.jpg": 21,
    "images/avatar-10-50-50-50.jpg": 54,
    "images/avatar-90-10-10-90.jpg": 73,
    "images/avatar-50-90-10-50.jpg": 41,
    "images/avatar-10-10-50-10.jpg": 77,
    "images/avatar-50-10-50-10.jpg": 47,
    "images/avatar-10-10-10-50.jpg": 25,
    "images/avatar-50-50-90-10.jpg": 63,
    "images/avatar-90-10-10-50.jpg": 43,
    "images/avatar-10-90-10-50.jpg": 73,
    "images/avatar-10-90-90-50.jpg": 79,
    "images/avatar-10-10-90-50.jpg": 69
}