{
    "images/avatar-90-50-50-10.jpg": 53,
    "images/avatar-50-90-10-10.jpg": 83,
    "images/avatar-50-10-90-90.jpg": 44,
    "images/avatar-50-50-50-50.jpg": 69,
    "images/avatar-50-10-10-50.jpg": 73,
    "images/avatar-10-90-10-90.jpg": 68,
    "images/avatar-90-10-90-50.jpg": 68,
    "images/avatar-90-90-50-50.jpg": 56,
    "images/avatar-50-90-50-10.jpg": 57,
    "images/avatar-90-10-50-50.jpg": 66,
    "images/avatar-90-50-10-10.jpg": 68,
    "images/avatar-90-10-10-10.jpg": 61,
    "images/avatar-10-90-90-10.jpg": 58,
    "images/avatar-50-90-50-90.jpg": 61,
    "images/avatar-90-90-50-10.jpg": 71,
    "images/avatar-10-90-50-90.jpg": 73,
    "images/avatar-90-50-90-10.jpg": 61,
    "images/avatar-90-90-10-10.jpg": 76,
    "images/avatar-50-10-90-50.jpg": 80,
    "images/avatar-10-10-50-50.jpg": 65,
    "images/avatar-10-50-50-90.jpg": 87,
    "images/avatar-90-50-90-50.jpg": 71,
    "images/avatar-50-50-50-10.jpg": 52,
    "images/avatar-90-90-10-90.jpg": 55,
    "images/avatar-50-10-90-10.jpg": 57,
    "images/avatar-10-50-10-90.jpg": 33,
    "images/avatar-90-10-90-10.jpg": 51,
    "images/avatar-90-50-50-50.jpg": 52,
    "images/avatar-50-10-50-50.jpg": 56,
    "images/avatar-50-90-90-10.jpg": 48,
    "images/avatar-10-90-10-10.jpg": 63,
    "images/avatar-50-50-10-10.jpg": 52,
    "images/avatar-10-90-90-90.jpg": 60,
    "images/avatar-90-50-10-50.jpg": 65,
    "images/avatar-10-10-90-90.jpg": 69,
    "images/avatar-50-90-90-90.jpg": 72,
    "images/avatar-50-90-50-50.jpg": 47,
    "images/avatar-50-50-10-50.jpg": 55,
    "images/avatar-50-50-10-90.jpg": 45,
    "images/avatar-90-50-10-90.jpg": 54,
    "images/avatar-10-10-10-90.jpg": 61,
    "images/avatar-90-10-50-90.jpg": 64,
    "images/avatar-10-50-90-50.jpg": 76,
    "images/avatar-50-50-90-90.jpg": 78,
    "images/avatar-90-90-50-90.jpg": 67,
    "images/avatar-10-50-90-10.jpg": 65,
    "images/avatar-50-10-10-90.jpg": 79,
    "images/avatar-90-50-90-90.jpg": 77,
    "images/avatar-10-90-50-50.jpg": 79,
    "images/avatar-50-10-50-90.jpg": 73,
    "images/avatar-10-50-50-10.jpg": 82,
    "images/avatar-50-10-10-10.jpg": 65,
    "images/avatar-90-90-90-10.jpg": 81,
    "images/avatar-10-10-10-10.jpg": 61,
    "images/avatar-90-90-90-90.jpg": 58,
    "images/avatar-90-90-10-50.jpg": 72,
    "images/avatar-10-50-90-90.jpg": 76,
    "images/avatar-50-50-50-90.jpg": 78,
    "images/avatar-90-10-50-10.jpg": 75,
    "images/avatar-90-90-90-50.jpg": 69,
    "images/avatar-10-10-90-10.jpg": 81,
    "images/avatar-10-90-50-10.jpg": 78,
    "images/avatar-10-50-50-50.jpg": 75,
    "images/avatar-90-10-10-90.jpg": 70,
    "images/avatar-50-90-10-50.jpg": 70,
    "images/avatar-10-10-50-10.jpg": 69,
    "images/avatar-50-10-50-10.jpg": 69,
    "images/avatar-10-10-10-50.jpg": 69,
    "images/avatar-50-50-90-10.jpg": 75,
    "images/avatar-90-10-10-50.jpg": 63,
    "images/avatar-10-90-10-50.jpg": 63,
    "images/avatar-10-90-90-50.jpg": 75,
    "images/avatar-10-10-90-50.jpg": 57
}