{
    "images/avatar-90-50-50-10.jpg": 36,
    "images/avatar-50-90-10-10.jpg": 34,
    "images/avatar-50-10-90-90.jpg": 10,
    "images/avatar-50-50-50-50.jpg": 36,
    "images/avatar-50-10-10-50.jpg": 14,
    "images/avatar-10-90-10-90.jpg": 16,
    "images/avatar-90-10-90-50.jpg": 82,
    "images/avatar-90-90-50-50.jpg": 22,
    "images/avatar-50-90-50-10.jpg": 80,
    "images/avatar-90-10-50-50.jpg": 65,
    "images/avatar-90-50-10-10.jpg": 26,
    "images/avatar-90-10-10-10.jpg": 91,
    "images/avatar-10-90-90-10.jpg": 62,
    "images/avatar-50-90-50-90.jpg": 8,
    "images/avatar-90-90-50-10.jpg": 58,
    "images/avatar-10-90-50-90.jpg": 14,
    "images/avatar-90-50-90-10.jpg": 90,
    "images/avatar-90-90-10-10.jpg": 46,
    "images/avatar-50-10-90-50.jpg": 75,
    "images/avatar-10-10-50-50.jpg": 44,
    "images/avatar-10-50-50-90.jpg": 13,
    "images/avatar-90-50-90-50.jpg": 61,
    "images/avatar-50-50-50-10.jpg": 80,
    "images/avatar-90-90-10-90.jpg": 27,
    "images/avatar-50-10-90-10.jpg": 70,
    "images/avatar-10-50-10-90.jpg": 18,
    "images/avatar-90-10-90-10.jpg": 41,
    "images/avatar-90-50-50-50.jpg": 66,
    "images/avatar-50-10-50-50.jpg": 52,
    "images/avatar-50-90-90-10.jpg": 74,
    "images/avatar-10-90-10-10.jpg": 22,
    "images/avatar-50-50-10-10.jpg": 77,
    "images/avatar-10-90-90-90.jpg": 21,
    "images/avatar-90-50-10-50.jpg": 85,
    "images/avatar-10-10-90-90.jpg": 17,
    "images/avatar-50-90-90-90.jpg": 24,
    "images/avatar-50-90-50-50.jpg": 42,
    "images/avatar-50-50-10-50.jpg": 36,
    "images/avatar-50-50-10-90.jpg": 43,
    "images/avatar-90-50-10-90.jpg": 46,
    "images/avatar-10-10-10-90.jpg": 63,
    "images/avatar-90-10-50-90.jpg": 36,
    "images/avatar-10-50-90-50.jpg": 41,
    "images/avatar-50-50-90-90.jpg": 24,
    "images/avatar-90-90-50-90.jpg": 31,
    "images/avatar-10-50-90-10.jpg": 53,
    "images/avatar-50-10-10-90.jpg": 20,
    "images/avatar-90-50-90-90.jpg": 29,
    "images/avatar-10-90-50-50.jpg": 26,
    "images/avatar-50-10-50-90.jpg": 11,
    "images/avatar-10-50-50-10.jpg": 45,
    "images/avatar-50-10-10-10.jpg": 28,
    "images/avatar-90-90-90-10.jpg": 61,
    "images/avatar-10-10-10-10.jpg": 59,
    "images/avatar-90-90-90-90.jpg": 22,
    "images/avatar-90-90-10-50.jpg": 29,
    "images/avatar-10-50-90-90.jpg": 20,
    "images/avatar-50-50-50-90.jpg": 29,
    "images/avatar-90-10-50-10.jpg": 43,
    "images/avatar-90-90-90-50.jpg": 40,
    "images/avatar-10-10-90-10.jpg": 89,
    "images/avatar-10-90-50-10.jpg": 55,
    "images/avatar-10-50-50-50.jpg": 36,
    "images/avatar-90-10-10-90.jpg": 14,
    "images/avatar-50-90-10-50.jpg": 45,
    "images/avatar-10-10-50-10.jpg": 72,
    "images/avatar-50-10-50-10.jpg": 90,
    "images/avatar-10-10-10-50.jpg": 36,
    "images/avatar-50-50-90-10.jpg": 30,
    "images/avatar-90-10-10-50.jpg": 14,
    "images/avatar-10-90-10-50.jpg": 62,
    "images/avatar-10-90-90-50.jpg": 43,
    "images/avatar-10-10-90-50.jpg": 39
}