{
    "images/avatar-90-50-50-10.jpg": 2,
    "images/avatar-50-90-10-10.jpg": 2,
    "images/avatar-50-10-90-90.jpg": 21,
    "images/avatar-50-50-50-50.jpg": 100,
    "images/avatar-50-10-10-50.jpg": 24,
    "images/avatar-10-90-10-90.jpg": 20,
    "images/avatar-90-10-90-50.jpg": 26,
    "images/avatar-90-90-50-50.jpg": 100,
    "images/avatar-50-90-50-10.jpg": 12,
    "images/avatar-90-10-50-50.jpg": 40,
    "images/avatar-90-50-10-10.jpg": 33,
    "images/avatar-90-10-10-10.jpg": 43,
    "images/avatar-10-90-90-10.jpg": 44,
    "images/avatar-50-90-50-90.jpg": 36,
    "images/avatar-90-90-50-10.jpg": 32,
    "images/avatar-10-90-50-90.jpg": 44,
    "images/avatar-90-50-90-10.jpg": 26,
    "images/avatar-90-90-10-10.jpg": 41,
    "images/avatar-50-10-90-50.jpg": 37,
    "images/avatar-10-10-50-50.jpg": 51,
    "images/avatar-10-50-50-90.jpg": 28,
    "images/avatar-90-50-90-50.jpg": 21,
    "images/avatar-50-50-50-10.jpg": 42,
    "images/avatar-90-90-10-90.jpg": 30,
    "images/avatar-50-10-90-10.jpg": 45,
    "images/avatar-10-50-10-90.jpg": 31,
    "images/avatar-90-10-90-10.jpg": 25,
    "images/avatar-90-50-50-50.jpg": 100,
    "images/avatar-50-10-50-50.jpg": 42,
    "images/avatar-50-90-90-10.jpg": 36,
    "images/avatar-10-90-10-10.jpg": 49,
    "images/avatar-50-50-10-10.jpg": 60,
    "images/avatar-10-90-90-90.jpg": 47,
    "images/avatar-90-50-10-50.jpg": 45,
    "images/avatar-10-10-90-90.jpg": 47,
    "images/avatar-50-90-90-90.jpg": 36,
    "images/avatar-50-90-50-50.jpg": 54,
    "images/avatar-50-50-10-50.jpg": 38,
    "images/avatar-50-50-10-90.jpg": 45,
    "images/avatar-90-50-10-90.jpg": 50,
    "images/avatar-10-10-10-90.jpg": 34,
    "images/avatar-90-10-50-90.jpg": 47,
    "images/avatar-10-50-90-50.jpg": 47,
    "images/avatar-50-50-90-90.jpg": 37,
    "images/avatar-90-90-50-90.jpg": 53,
    "images/avatar-10-50-90-10.jpg": 40,
    "images/avatar-50-10-10-90.jpg": 51,
    "images/avatar-90-50-90-90.jpg": 38,
    "images/avatar-10-90-50-50.jpg": 49,
    "images/avatar-50-10-50-90.jpg": 36,
    "images/avatar-10-50-50-10.jpg": 53,
    "images/avatar-50-10-10-10.jpg": 48,
    "images/avatar-90-90-90-10.jpg": 36,
    "images/avatar-10-10-10-10.jpg": 31,
    "images/avatar-90-90-90-90.jpg": 43,
    "images/avatar-90-90-10-50.jpg": 44,
    "images/avatar-10-50-90-90.jpg": 44,
    "images/avatar-50-50-50-90.jpg": 56,
    "images/avatar-90-10-50-10.jpg": 38,
    "images/avatar-90-90-90-50.jpg": 50,
    "images/avatar-10-10-90-10.jpg": 35,
    "images/avatar-10-90-50-10.jpg": 33,
    "images/avatar-10-50-50-50.jpg": 59,
    "images/avatar-90-10-10-90.jpg": 44,
    "images/avatar-50-90-10-50.jpg": 41,
    "images/avatar-10-10-50-10.jpg": 15,
    "images/avatar-50-10-50-10.jpg": 46,
    "images/avatar-10-10-10-50.jpg": 39,
    "images/avatar-50-50-90-10.jpg": 34,
    "images/avatar-90-10-10-50.jpg": 31,
    "images/avatar-10-90-10-50.jpg": 63,
    "images/avatar-10-90-90-50.jpg": 49,
    "images/avatar-10-10-90-50.jpg": 51
}