{
    "images/avatar-90-50-50-10.jpg": 3,
    "images/avatar-50-90-10-10.jpg": 2,
    "images/avatar-50-10-90-90.jpg": 1,
    "images/avatar-50-50-50-50.jpg": 39,
    "images/avatar-50-10-10-50.jpg": 3,
    "images/avatar-10-90-10-90.jpg": 2,
    "images/avatar-90-10-90-50.jpg": 1,
    "images/avatar-90-90-50-50.jpg": 2,
    "images/avatar-50-90-50-10.jpg": 2,
    "images/avatar-90-10-50-50.jpg": 3,
    "images/avatar-90-50-10-10.jpg": 2,
    "images/avatar-90-10-10-10.jpg": 3,
    "images/avatar-10-90-90-10.jpg": 2,
    "images/avatar-50-90-50-90.jpg": 51,
    "images/avatar-90-90-50-10.jpg": 2,
    "images/avatar-10-90-50-90.jpg": 3,
    "images/avatar-90-50-90-10.jpg": 32,
    "images/avatar-90-90-10-10.jpg": 26,
    "images/avatar-50-10-90-50.jpg": 22,
    "images/avatar-10-10-50-50.jpg": 24,
    "images/avatar-10-50-50-90.jpg": 27,
    "images/avatar-90-50-90-50.jpg": 21,
    "images/avatar-50-50-50-10.jpg": 20,
    "images/avatar-90-90-10-90.jpg": 28,
    "images/avatar-50-10-90-10.jpg": 26,
    "images/avatar-10-50-10-90.jpg": 71,
    "images/avatar-90-10-90-10.jpg": 26,
    "images/avatar-90-50-50-50.jpg": 42,
    "images/avatar-50-10-50-50.jpg": 25,
    "images/avatar-50-90-90-10.jpg": 36,
    "images/avatar-10-90-10-10.jpg": 30,
    "images/avatar-50-50-10-10.jpg": 31,
    "images/avatar-10-90-90-90.jpg": 36,
    "images/avatar-90-50-10-50.jpg": 30,
    "images/avatar-10-10-90-90.jpg": 35,
    "images/avatar-50-90-90-90.jpg": 11,
    "images/avatar-50-90-50-50.jpg": 42,
    "images/avatar-50-50-10-50.jpg": 41,
    "images/avatar-50-50-10-90.jpg": 46,
    "images/avatar-90-50-10-90.jpg": 23,
    "images/avatar-10-10-10-90.jpg": 50,
    "images/avatar-90-10-50-90.jpg": 27,
    "images/avatar-10-50-90-50.jpg": 58,
    "images/avatar-50-50-90-90.jpg": 19,
    "images/avatar-90-90-50-90.jpg": 16,
    "images/avatar-10-50-90-10.jpg": 64,
    "images/avatar-50-10-10-90.jpg": 35,
    "images/avatar-90-50-90-90.jpg": 16,
    "images/avatar-10-90-50-50.jpg": 10,
    "images/avatar-50-10-50-90.jpg": 100,
    "images/avatar-10-50-50-10.jpg": 45,
    "images/avatar-50-10-10-10.jpg": 11,
    "images/avatar-90-90-90-10.jpg": 100,
    "images/avatar-10-10-10-10.jpg": 100,
    "images/avatar-90-90-90-90.jpg": 29,
    "images/avatar-90-90-10-50.jpg": 100,
    "images/avatar-10-50-90-90.jpg": 100,
    "images/avatar-50-50-50-90.jpg": 100,
    "images/avatar-90-10-50-10.jpg": 100,
    "images/avatar-90-90-90-50.jpg": 90,
    "images/avatar-10-10-90-10.jpg": 100,
    "images/avatar-10-90-50-10.jpg": 84,
    "images/avatar-10-50-50-50.jpg": 96,
    "images/avatar-90-10-10-90.jpg": 85,
    "images/avatar-50-90-10-50.jpg": 89,
    "images/avatar-10-10-50-10.jpg": 91,
    "images/avatar-50-10-50-10.jpg": 32,
    "images/avatar-10-10-10-50.jpg": 43,
    "images/avatar-50-50-90-10.jpg": 25,
    "images/avatar-90-10-10-50.jpg": 23,
    "images/avatar-10-90-10-50.jpg": 71,
    "images/avatar-10-90-90-50.jpg": 42,
    "images/avatar-10-10-90-50.jpg": 42
}