{
    "images/avatar-90-50-50-10.jpg": 74,
    "images/avatar-50-90-10-10.jpg": 60,
    "images/avatar-50-10-90-90.jpg": 56,
    "images/avatar-50-50-50-50.jpg": 100,
    "images/avatar-50-10-10-50.jpg": 47,
    "images/avatar-10-90-10-90.jpg": 100,
    "images/avatar-90-10-90-50.jpg": 82,
    "images/avatar-90-90-50-50.jpg": 96,
    "images/avatar-50-90-50-10.jpg": 40,
    "images/avatar-90-10-50-50.jpg": 100,
    "images/avatar-90-50-10-10.jpg": 41,
    "images/avatar-90-10-10-10.jpg": 27,
    "images/avatar-10-90-90-10.jpg": 100,
    "images/avatar-50-90-50-90.jpg": 100,
    "images/avatar-90-90-50-10.jpg": 100,
    "images/avatar-10-90-50-90.jpg": 71,
    "images/avatar-90-50-90-10.jpg": 52,
    "images/avatar-90-90-10-10.jpg": 100,
    "images/avatar-50-10-90-50.jpg": 52,
    "images/avatar-10-10-50-50.jpg": 31,
    "images/avatar-10-50-50-90.jpg": 57,
    "images/avatar-90-50-90-50.jpg": 100,
    "images/avatar-50-50-50-10.jpg": 41,
    "images/avatar-90-90-10-90.jpg": 56,
    "images/avatar-50-10-90-10.jpg": 76,
    "images/avatar-10-50-10-90.jpg": 68,
    "images/avatar-90-10-90-10.jpg": 84,
    "images/avatar-90-50-50-50.jpg": 31,
    "images/avatar-50-10-50-50.jpg": 100,
    "images/avatar-50-90-90-10.jpg": 52,
    "images/avatar-10-90-10-10.jpg": 63,
    "images/avatar-50-50-10-10.jpg": 100,
    "images/avatar-10-90-90-90.jpg": 60,
    "images/avatar-90-50-10-50.jpg": 100,
    "images/avatar-10-10-90-90.jpg": 49,
    "images/avatar-50-90-90-90.jpg": 100,
    "images/avatar-50-90-50-50.jpg": 74,
    "images/avatar-50-50-10-50.jpg": 100,
    "images/avatar-50-50-10-90.jpg": 55,
    "images/avatar-90-50-10-90.jpg": 100,
    "images/avatar-10-10-10-90.jpg": 49,
    "images/avatar-90-10-50-90.jpg": 100,
    "images/avatar-10-50-90-50.jpg": 100,
    "images/avatar-50-50-90-90.jpg": 100,
    "images/avatar-90-90-50-90.jpg": 100,
    "images/avatar-10-50-90-10.jpg": 100,
    "images/avatar-50-10-10-90.jpg": 100,
    "images/avatar-90-50-90-90.jpg": 51,
    "images/avatar-10-90-50-50.jpg": 100,
    "images/avatar-50-10-50-90.jpg": 62,
    "images/avatar-10-50-50-10.jpg": 100,
    "images/avatar-50-10-10-10.jpg": 94,
    "images/avatar-90-90-90-10.jpg": 100,
    "images/avatar-10-10-10-10.jpg": 100,
    "images/avatar-90-90-90-90.jpg": 100,
    "images/avatar-90-90-10-50.jpg": 77,
    "images/avatar-10-50-90-90.jpg": 100,
    "images/avatar-50-50-50-90.jpg": 100,
    "images/avatar-90-10-50-10.jpg": 62,
    "images/avatar-90-90-90-50.jpg": 100,
    "images/avatar-10-10-90-10.jpg": 47,
    "images/avatar-10-90-50-10.jpg": 60,
    "images/avatar-10-50-50-50.jpg": 100,
    "images/avatar-90-10-10-90.jpg": 40,
    "images/avatar-50-90-10-50.jpg": 100,
    "images/avatar-10-10-50-10.jpg": 58,
    "images/avatar-50-10-50-10.jpg": 45,
    "images/avatar-10-10-10-50.jpg": 100,
    "images/avatar-50-50-90-10.jpg": 49,
    "images/avatar-90-10-10-50.jpg": 100,
    "images/avatar-10-90-10-50.jpg": 45,
    "images/avatar-10-90-90-50.jpg": 27,
    "images/avatar-10-10-90-50.jpg": 100
}