{
    "images/avatar-90-50-50-10.jpg": 67,
    "images/avatar-50-90-10-10.jpg": 68,
    "images/avatar-50-10-90-90.jpg": 67,
    "images/avatar-50-50-50-50.jpg": 76,
    "images/avatar-50-10-10-50.jpg": 67,
    "images/avatar-10-90-10-90.jpg": 68,
    "images/avatar-90-10-90-50.jpg": 67,
    "images/avatar-90-90-50-50.jpg": 68,
    "images/avatar-50-90-50-10.jpg": 67,
    "images/avatar-90-10-50-50.jpg": 68,
    "images/avatar-90-50-10-10.jpg": 67,
    "images/avatar-90-10-10-10.jpg": 67,
    "images/avatar-10-90-90-10.jpg": 67,
    "images/avatar-50-90-50-90.jpg": 77,
    "images/avatar-90-90-50-10.jpg": 68,
    "images/avatar-10-90-50-90.jpg": 67,
    "images/avatar-90-50-90-10.jpg": 75,
    "images/avatar-90-90-10-10.jpg": 67,
    "images/avatar-50-10-90-50.jpg": 67,
    "images/avatar-10-10-50-50.jpg": 67,
    "images/avatar-10-50-50-90.jpg": 67,
    "images/avatar-90-50-90-50.jpg": 67,
    "images/avatar-50-50-50-10.jpg": 68,
    "images/avatar-90-90-10-90.jpg": 68,
    "images/avatar-50-10-90-10.jpg": 67,
    "images/avatar-10-50-10-90.jpg": 67,
    "images/avatar-90-10-90-10.jpg": 68,
    "images/avatar-90-50-50-50.jpg": 68,
    "images/avatar-50-10-50-50.jpg": 67,
    "images/avatar-50-90-90-10.jpg": 67,
    "images/avatar-10-90-10-10.jpg": 67,
    "images/avatar-50-50-10-10.jpg": 67,
    "images/avatar-10-90-90-90.jpg": 68,
    "images/avatar-90-50-10-50.jpg": 67,
    "images/avatar-10-10-90-90.jpg": 67,
    "images/avatar-50-90-90-90.jpg": 67,
    "images/avatar-50-90-50-50.jpg": 67,
    "images/avatar-50-50-10-50.jpg": 67,
    "images/avatar-50-50-10-90.jpg": 67,
    "images/avatar-90-50-10-90.jpg": 67,
    "images/avatar-10-10-10-90.jpg": 67,
    "images/avatar-90-10-50-90.jpg": 77,
    "images/avatar-10-50-90-50.jpg": 67,
    "images/avatar-50-50-90-90.jpg": 58,
    "images/avatar-90-90-50-90.jpg": 60,
    "images/avatar-10-50-90-10.jpg": 77,
    "images/avatar-50-10-10-90.jpg": 60,
    "images/avatar-90-50-90-90.jpg": 60,
    "images/avatar-10-90-50-50.jpg": 58,
    "images/avatar-50-10-50-90.jpg": 60,
    "images/avatar-10-50-50-10.jpg": 71,
    "images/avatar-50-10-10-10.jpg": 77,
    "images/avatar-90-90-90-10.jpg": 58,
    "images/avatar-10-10-10-10.jpg": 58,
    "images/avatar-90-90-90-90.jpg": 76,
    "images/avatar-90-90-10-50.jpg": 58,
    "images/avatar-10-50-90-90.jpg": 58,
    "images/avatar-50-50-50-90.jpg": 58,
    "images/avatar-90-10-50-10.jpg": 58,
    "images/avatar-90-90-90-50.jpg": 60,
    "images/avatar-10-10-90-10.jpg": 58,
    "images/avatar-10-90-50-10.jpg": 58,
    "images/avatar-10-50-50-50.jpg": 58,
    "images/avatar-90-10-10-90.jpg": 60,
    "images/avatar-50-90-10-50.jpg": 58,
    "images/avatar-10-10-50-10.jpg": 60,
    "images/avatar-50-10-50-10.jpg": 58,
    "images/avatar-10-10-10-50.jpg": 58,
    "images/avatar-50-50-90-10.jpg": 58,
    "images/avatar-90-10-10-50.jpg": 58,
    "images/avatar-10-90-10-50.jpg": 59,
    "images/avatar-10-90-90-50.jpg": 77,
    "images/avatar-10-10-90-50.jpg": 77
}