{
    "images/avatar-90-50-50-10.jpg": 50,
    "images/avatar-50-90-10-10.jpg": 80,
    "images/avatar-50-10-90-90.jpg": 30,
    "images/avatar-50-50-50-50.jpg": 50,
    "images/avatar-50-10-10-50.jpg": 61,
    "images/avatar-10-90-10-90.jpg": 40,
    "images/avatar-90-10-90-50.jpg": 40,
    "images/avatar-90-90-50-50.jpg": 80,
    "images/avatar-50-90-50-10.jpg": 50,
    "images/avatar-90-10-50-50.jpg": 40,
    "images/avatar-90-50-10-10.jpg": 60,
    "images/avatar-90-10-10-10.jpg": 66,
    "images/avatar-10-90-90-10.jpg": 71,
    "images/avatar-50-90-50-90.jpg": 50,
    "images/avatar-90-90-50-10.jpg": 51,
    "images/avatar-10-90-50-90.jpg": 40,
    "images/avatar-90-50-90-10.jpg": 70,
    "images/avatar-90-90-10-10.jpg": 60,
    "images/avatar-50-10-90-50.jpg": 80,
    "images/avatar-10-10-50-50.jpg": 55,
    "images/avatar-10-50-50-90.jpg": 50,
    "images/avatar-90-50-90-50.jpg": 1,
    "images/avatar-50-50-50-10.jpg": 60,
    "images/avatar-90-90-10-90.jpg": 40,
    "images/avatar-50-10-90-10.jpg": 45,
    "images/avatar-10-50-10-90.jpg": 80,
    "images/avatar-90-10-90-10.jpg": 70,
    "images/avatar-90-50-50-50.jpg": 60,
    "images/avatar-50-10-50-50.jpg": 50,
    "images/avatar-50-90-90-10.jpg": 70,
    "images/avatar-10-90-10-10.jpg": 60,
    "images/avatar-50-50-10-10.jpg": 70,
    "images/avatar-10-90-90-90.jpg": 80,
    "images/avatar-90-50-10-50.jpg": 50,
    "images/avatar-10-10-90-90.jpg": 60,
    "images/avatar-50-90-90-90.jpg": 70,
    "images/avatar-50-90-50-50.jpg": 80,
    "images/avatar-50-50-10-50.jpg": 70,
    "images/avatar-50-50-10-90.jpg": 40,
    "images/avatar-90-50-10-90.jpg": 50,
    "images/avatar-10-10-10-90.jpg": 61,
    "images/avatar-90-10-50-90.jpg": 40,
    "images/avatar-10-50-90-50.jpg": 90,
    "images/avatar-50-50-90-90.jpg": 81,
    "images/avatar-90-90-50-90.jpg": 50,
    "images/avatar-10-50-90-10.jpg": 30,
    "images/avatar-50-10-10-90.jpg": 70,
    "images/avatar-90-50-90-90.jpg": 50,
    "images/avatar-10-90-50-50.jpg": 70,
    "images/avatar-50-10-50-90.jpg": 70,
    "images/avatar-10-50-50-10.jpg": 60,
    "images/avatar-50-10-10-10.jpg": 40,
    "images/avatar-90-90-90-10.jpg": 70,
    "images/avatar-10-10-10-10.jpg": 70,
    "images/avatar-90-90-90-90.jpg": 60,
    "images/avatar-90-90-10-50.jpg": 60,
    "images/avatar-10-50-90-90.jpg": 30,
    "images/avatar-50-50-50-90.jpg": 40,
    "images/avatar-90-10-50-10.jpg": 50,
    "images/avatar-90-90-90-50.jpg": 70,
    "images/avatar-10-10-90-10.jpg": 50,
    "images/avatar-10-90-50-10.jpg": 60,
    "images/avatar-10-50-50-50.jpg": 100,
    "images/avatar-90-10-10-90.jpg": 50,
    "images/avatar-50-90-10-50.jpg": 70,
    "images/avatar-10-10-50-10.jpg": 60,
    "images/avatar-50-10-50-10.jpg": 50,
    "images/avatar-10-10-10-50.jpg": 100,
    "images/avatar-50-50-90-10.jpg": 60,
    "images/avatar-90-10-10-50.jpg": 50,
    "images/avatar-10-90-10-50.jpg": 100,
    "images/avatar-10-90-90-50.jpg": 100,
    "images/avatar-10-10-90-50.jpg": 70
}