{
    "images/avatar-90-50-50-10.jpg": 2,
    "images/avatar-50-90-10-10.jpg": 2,
    "images/avatar-50-10-90-90.jpg": 3,
    "images/avatar-50-50-50-50.jpg": 2,
    "images/avatar-50-10-10-50.jpg": 13,
    "images/avatar-10-90-10-90.jpg": 19,
    "images/avatar-90-10-90-50.jpg": 25,
    "images/avatar-90-90-50-50.jpg": 26,
    "images/avatar-50-90-50-10.jpg": 17,
    "images/avatar-90-10-50-50.jpg": 2,
    "images/avatar-90-50-10-10.jpg": 3,
    "images/avatar-90-10-10-10.jpg": 1,
    "images/avatar-10-90-90-10.jpg": 17,
    "images/avatar-50-90-50-90.jpg": 2,
    "images/avatar-90-90-50-10.jpg": 16,
    "images/avatar-10-90-50-90.jpg": 14,
    "images/avatar-90-50-90-10.jpg": 2,
    "images/avatar-90-90-10-10.jpg": 14,
    "images/avatar-50-10-90-50.jpg": 10,
    "images/avatar-10-10-50-50.jpg": 2,
    "images/avatar-10-50-50-90.jpg": 2,
    "images/avatar-90-50-90-50.jpg": 2,
    "images/avatar-50-50-50-10.jpg": 3,
    "images/avatar-90-90-10-90.jpg": 2,
    "images/avatar-50-10-90-10.jpg": 3,
    "images/avatar-10-50-10-90.jpg": 2,
    "images/avatar-90-10-90-10.jpg": 3,
    "images/avatar-90-50-50-50.jpg": 2,
    "images/avatar-50-10-50-50.jpg": 2,
    "images/avatar-50-90-90-10.jpg": 3,
    "images/avatar-10-90-10-10.jpg": 2,
    "images/avatar-50-50-10-10.jpg": 1,
    "images/avatar-10-90-90-90.jpg": 1,
    "images/avatar-90-50-10-50.jpg": 1,
    "images/avatar-10-10-90-90.jpg": 1,
    "images/avatar-50-90-90-90.jpg": 1,
    "images/avatar-50-90-50-50.jpg": 1,
    "images/avatar-50-50-10-50.jpg": 1,
    "images/avatar-50-50-10-90.jpg": 1,
    "images/avatar-90-50-10-90.jpg": 1,
    "images/avatar-10-10-10-90.jpg": 1,
    "images/avatar-90-10-50-90.jpg": 2,
    "images/avatar-10-50-90-50.jpg": 3,
    "images/avatar-50-50-90-90.jpg": 3,
    "images/avatar-90-90-50-90.jpg": 2,
    "images/avatar-10-50-90-10.jpg": 2,
    "images/avatar-50-10-10-90.jpg": 3,
    "images/avatar-90-50-90-90.jpg": 2,
    "images/avatar-10-90-50-50.jpg": 3,
    "images/avatar-50-10-50-90.jpg": 2,
    "images/avatar-10-50-50-10.jpg": 53,
    "images/avatar-50-10-10-10.jpg": 3,
    "images/avatar-90-90-90-10.jpg": 2,
    "images/avatar-10-10-10-10.jpg": 3,
    "images/avatar-90-90-90-90.jpg": 3,
    "images/avatar-90-90-10-50.jpg": 3,
    "images/avatar-10-50-90-90.jpg": 2,
    "images/avatar-50-50-50-90.jpg": 2,
    "images/avatar-90-10-50-10.jpg": 3,
    "images/avatar-90-90-90-50.jpg": 2,
    "images/avatar-10-10-90-10.jpg": 3,
    "images/avatar-10-90-50-10.jpg": 2,
    "images/avatar-10-50-50-50.jpg": 3,
    "images/avatar-90-10-10-90.jpg": 2,
    "images/avatar-50-90-10-50.jpg": 3,
    "images/avatar-10-10-50-10.jpg": 2,
    "images/avatar-50-10-50-10.jpg": 2,
    "images/avatar-10-10-10-50.jpg": 3,
    "images/avatar-50-50-90-10.jpg": 2,
    "images/avatar-90-10-10-50.jpg": 2,
    "images/avatar-10-90-10-50.jpg": 3,
    "images/avatar-10-90-90-50.jpg": 3,
    "images/avatar-10-10-90-50.jpg": 2
}