{
    "images/avatar-90-50-50-10.jpg": 100,
    "images/avatar-50-90-10-10.jpg": 100,
    "images/avatar-50-10-90-90.jpg": 35,
    "images/avatar-50-50-50-50.jpg": 44,
    "images/avatar-50-10-10-50.jpg": 31,
    "images/avatar-10-90-10-90.jpg": 62,
    "images/avatar-90-10-90-50.jpg": 19,
    "images/avatar-90-90-50-50.jpg": 100,
    "images/avatar-50-90-50-10.jpg": 72,
    "images/avatar-90-10-50-50.jpg": 14,
    "images/avatar-90-50-10-10.jpg": 35,
    "images/avatar-90-10-10-10.jpg": 69,
    "images/avatar-10-90-90-10.jpg": 52,
    "images/avatar-50-90-50-90.jpg": 55,
    "images/avatar-90-90-50-10.jpg": 22,
    "images/avatar-10-90-50-90.jpg": 24,
    "images/avatar-90-50-90-10.jpg": 29,
    "images/avatar-90-90-10-10.jpg": 50,
    "images/avatar-50-10-90-50.jpg": 16,
    "images/avatar-10-10-50-50.jpg": 27,
    "images/avatar-10-50-50-90.jpg": 17,
    "images/avatar-90-50-90-50.jpg": 47,
    "images/avatar-50-50-50-10.jpg": 79,
    "images/avatar-90-90-10-90.jpg": 24,
    "images/avatar-50-10-90-10.jpg": 37,
    "images/avatar-10-50-10-90.jpg": 47,
    "images/avatar-90-10-90-10.jpg": 38,
    "images/avatar-90-50-50-50.jpg": 32,
    "images/avatar-50-10-50-50.jpg": 36,
    "images/avatar-50-90-90-10.jpg": 52,
    "images/avatar-10-90-10-10.jpg": 25,
    "images/avatar-50-50-10-10.jpg": 27,
    "images/avatar-10-90-90-90.jpg": 35,
    "images/avatar-90-50-10-50.jpg": 41,
    "images/avatar-10-10-90-90.jpg": 65,
    "images/avatar-50-90-90-90.jpg": 100,
    "images/avatar-50-90-50-50.jpg": 100,
    "images/avatar-50-50-10-50.jpg": 51,
    "images/avatar-50-50-10-90.jpg": 61,
    "images/avatar-90-50-10-90.jpg": 19,
    "images/avatar-10-10-10-90.jpg": 46,
    "images/avatar-90-10-50-90.jpg": 46,
    "images/avatar-10-50-90-50.jpg": 36,
    "images/avatar-50-50-90-90.jpg": 38,
    "images/avatar-90-90-50-90.jpg": 100,
    "images/avatar-10-50-90-10.jpg": 51,
    "images/avatar-50-10-10-90.jpg": 68,
    "images/avatar-90-50-90-90.jpg": 66,
    "images/avatar-10-90-50-50.jpg": 72,
    "images/avatar-50-10-50-90.jpg": 17,
    "images/avatar-10-50-50-10.jpg": 46,
    "images/avatar-50-10-10-10.jpg": 53,
    "images/avatar-90-90-90-10.jpg": 47,
    "images/avatar-10-10-10-10.jpg": 53,
    "images/avatar-90-90-90-90.jpg": 77,
    "images/avatar-90-90-10-50.jpg": 47,
    "images/avatar-10-50-90-90.jpg": 53,
    "images/avatar-50-50-50-90.jpg": 62,
    "images/avatar-90-10-50-10.jpg": 36,
    "images/avatar-90-90-90-50.jpg": 41,
    "images/avatar-10-10-90-10.jpg": 45,
    "images/avatar-10-90-50-10.jpg": 43,
    "images/avatar-10-50-50-50.jpg": 67,
    "images/avatar-90-10-10-90.jpg": 33,
    "images/avatar-50-90-10-50.jpg": 42,
    "images/avatar-10-10-50-10.jpg": 38,
    "images/avatar-50-10-50-10.jpg": 52,
    "images/avatar-10-10-10-50.jpg": 50,
    "images/avatar-50-50-90-10.jpg": 44,
    "images/avatar-90-10-10-50.jpg": 36,
    "images/avatar-10-90-10-50.jpg": 55,
    "images/avatar-10-90-90-50.jpg": 44,
    "images/avatar-10-10-90-50.jpg": 51
}