{
    "images/avatar-90-50-50-10.jpg": 66,
    "images/avatar-50-90-10-10.jpg": 58,
    "images/avatar-50-10-90-90.jpg": 67,
    "images/avatar-50-50-50-50.jpg": 60,
    "images/avatar-50-10-10-50.jpg": 80,
    "images/avatar-10-90-10-90.jpg": 67,
    "images/avatar-90-10-90-50.jpg": 67,
    "images/avatar-90-90-50-50.jpg": 84,
    "images/avatar-50-90-50-10.jpg": 41,
    "images/avatar-90-10-50-50.jpg": 71,
    "images/avatar-90-50-10-10.jpg": 82,
    "images/avatar-90-10-10-10.jpg": 79,
    "images/avatar-10-90-90-10.jpg": 100,
    "images/avatar-50-90-50-90.jpg": 65,
    "images/avatar-90-90-50-10.jpg": 53,
    "images/avatar-10-90-50-90.jpg": 95,
    "images/avatar-90-50-90-10.jpg": 59,
    "images/avatar-90-90-10-10.jpg": 82,
    "images/avatar-50-10-90-50.jpg": 100,
    "images/avatar-10-10-50-50.jpg": 65,
    "images/avatar-10-50-50-90.jpg": 38,
    "images/avatar-90-50-90-50.jpg": 100,
    "images/avatar-50-50-50-10.jpg": 84,
    "images/avatar-90-90-10-90.jpg": 66,
    "images/avatar-50-10-90-10.jpg": 68,
    "images/avatar-10-50-10-90.jpg": 90,
    "images/avatar-90-10-90-10.jpg": 79,
    "images/avatar-90-50-50-50.jpg": 76,
    "images/avatar-50-10-50-50.jpg": 74,
    "images/avatar-50-90-90-10.jpg": 82,
    "images/avatar-10-90-10-10.jpg": 67,
    "images/avatar-50-50-10-10.jpg": 56,
    "images/avatar-10-90-90-90.jpg": 82,
    "images/avatar-90-50-10-50.jpg": 64,
    "images/avatar-10-10-90-90.jpg": 96,
    "images/avatar-50-90-90-90.jpg": 63,
    "images/avatar-50-90-50-50.jpg": 60,
    "images/avatar-50-50-10-50.jpg": 71,
    "images/avatar-50-50-10-90.jpg": 71,
    "images/avatar-90-50-10-90.jpg": 98,
    "images/avatar-10-10-10-90.jpg": 84,
    "images/avatar-90-10-50-90.jpg": 87,
    "images/avatar-10-50-90-50.jpg": 87,
    "images/avatar-50-50-90-90.jpg": 56,
    "images/avatar-90-90-50-90.jpg": 66,
    "images/avatar-10-50-90-10.jpg": 84,
    "images/avatar-50-10-10-90.jpg": 79,
    "images/avatar-90-50-90-90.jpg": 80,
    "images/avatar-10-90-50-50.jpg": 79,
    "images/avatar-50-10-50-90.jpg": 79,
    "images/avatar-10-50-50-10.jpg": 82,
    "images/avatar-50-10-10-10.jpg": 47,
    "images/avatar-90-90-90-10.jpg": 71,
    "images/avatar-10-10-10-10.jpg": 71,
    "images/avatar-90-90-90-90.jpg": 100,
    "images/avatar-90-90-10-50.jpg": 71,
    "images/avatar-10-50-90-90.jpg": 82,
    "images/avatar-50-50-50-90.jpg": 68,
    "images/avatar-90-10-50-10.jpg": 67,
    "images/avatar-90-90-90-50.jpg": 66,
    "images/avatar-10-10-90-10.jpg": 48,
    "images/avatar-10-90-50-10.jpg": 72,
    "images/avatar-10-50-50-50.jpg": 58,
    "images/avatar-90-10-10-90.jpg": 73,
    "images/avatar-50-90-10-50.jpg": 76,
    "images/avatar-10-10-50-10.jpg": 78,
    "images/avatar-50-10-50-10.jpg": 64,
    "images/avatar-10-10-10-50.jpg": 79,
    "images/avatar-50-50-90-10.jpg": 69,
    "images/avatar-90-10-10-50.jpg": 70,
    "images/avatar-10-90-10-50.jpg": 68,
    "images/avatar-10-90-90-50.jpg": 77,
    "images/avatar-10-10-90-50.jpg": 96
}