{
    "images/avatar-90-50-50-10.jpg": 45,
    "images/avatar-50-90-10-10.jpg": 61,
    "images/avatar-50-10-90-90.jpg": 40,
    "images/avatar-50-50-50-50.jpg": 14,
    "images/avatar-50-10-10-50.jpg": 55,
    "images/avatar-10-90-10-90.jpg": 16,
    "images/avatar-90-10-90-50.jpg": 57,
    "images/avatar-90-90-50-50.jpg": 63,
    "images/avatar-50-90-50-10.jpg": 36,
    "images/avatar-90-10-50-50.jpg": 86,
    "images/avatar-90-50-10-10.jpg": 18,
    "images/avatar-90-10-10-10.jpg": 11,
    "images/avatar-10-90-90-10.jpg": 40,
    "images/avatar-50-90-50-90.jpg": 81,
    "images/avatar-90-90-50-10.jpg": 44,
    "images/avatar-10-90-50-90.jpg": 63,
    "images/avatar-90-50-90-10.jpg": 66,
    "images/avatar-90-90-10-10.jpg": 66,
    "images/avatar-50-10-90-50.jpg": 33,
    "images/avatar-10-10-50-50.jpg": 89,
    "images/avatar-10-50-50-90.jpg": 87,
    "images/avatar-90-50-90-50.jpg": 99,
    "images/avatar-50-50-50-10.jpg": 20,
    "images/avatar-90-90-10-90.jpg": 66,
    "images/avatar-50-10-90-10.jpg": 84,
    "images/avatar-10-50-10-90.jpg": 74,
    "images/avatar-90-10-90-10.jpg": 58,
    "images/avatar-90-50-50-50.jpg": 80,
    "images/avatar-50-10-50-50.jpg": 91,
    "images/avatar-50-90-90-10.jpg": 91,
    "images/avatar-10-90-10-10.jpg": 71,
    "images/avatar-50-50-10-10.jpg": 88,
    "images/avatar-10-90-90-90.jpg": 42,
    "images/avatar-90-50-10-50.jpg": 87,
    "images/avatar-10-10-90-90.jpg": 90,
    "images/avatar-50-90-90-90.jpg": 91,
    "images/avatar-50-90-50-50.jpg": 79,
    "images/avatar-50-50-10-50.jpg": 69,
    "images/avatar-50-50-10-90.jpg": 68,
    "images/avatar-90-50-10-90.jpg": 79,
    "images/avatar-10-10-10-90.jpg": 71,
    "images/avatar-90-10-50-90.jpg": 25,
    "images/avatar-10-50-90-50.jpg": 65,
    "images/avatar-50-50-90-90.jpg": 78,
    "images/avatar-90-90-50-90.jpg": 63,
    "images/avatar-10-50-90-10.jpg": 50,
    "images/avatar-50-10-10-90.jpg": 57,
    "images/avatar-90-50-90-90.jpg": 40,
    "images/avatar-10-90-50-50.jpg": 94,
    "images/avatar-50-10-50-90.jpg": 58,
    "images/avatar-10-50-50-10.jpg": 49,
    "images/avatar-50-10-10-10.jpg": 60,
    "images/avatar-90-90-90-10.jpg": 80,
    "images/avatar-10-10-10-10.jpg": 85,
    "images/avatar-90-90-90-90.jpg": 61,
    "images/avatar-90-90-10-50.jpg": 89,
    "images/avatar-10-50-90-90.jpg": 83,
    "images/avatar-50-50-50-90.jpg": 79,
    "images/avatar-90-10-50-10.jpg": 16,
    "images/avatar-90-90-90-50.jpg": 90,
    "images/avatar-10-10-90-10.jpg": 56,
    "images/avatar-10-90-50-10.jpg": 66,
    "images/avatar-10-50-50-50.jpg": 96,
    "images/avatar-90-10-10-90.jpg": 60,
    "images/avatar-50-90-10-50.jpg": 71,
    "images/avatar-10-10-50-10.jpg": 17,
    "images/avatar-50-10-50-10.jpg": 33,
    "images/avatar-10-10-10-50.jpg": 88,
    "images/avatar-50-50-90-10.jpg": 59,
    "images/avatar-90-10-10-50.jpg": 80,
    "images/avatar-10-90-10-50.jpg": 63,
    "images/avatar-10-90-90-50.jpg": 95,
    "images/avatar-10-10-90-50.jpg": 81
}