{
    "images/avatar-90-50-50-10.jpg": 60,
    "images/avatar-50-90-10-10.jpg": 16,
    "images/avatar-50-10-90-90.jpg": 62,
    "images/avatar-50-50-50-50.jpg": 53,
    "images/avatar-50-10-10-50.jpg": 47,
    "images/avatar-10-90-10-90.jpg": 47,
    "images/avatar-90-10-90-50.jpg": 25,
    "images/avatar-90-90-50-50.jpg": 79,
    "images/avatar-50-90-50-10.jpg": 58,
    "images/avatar-90-10-50-50.jpg": 44,
    "images/avatar-90-50-10-10.jpg": 47,
    "images/avatar-90-10-10-10.jpg": 60,
    "images/avatar-10-90-90-10.jpg": 21,
    "images/avatar-50-90-50-90.jpg": 62,
    "images/avatar-90-90-50-10.jpg": 33,
    "images/avatar-10-90-50-90.jpg": 36,
    "images/avatar-90-50-90-10.jpg": 24,
    "images/avatar-90-90-10-10.jpg": 31,
    "images/avatar-50-10-90-50.jpg": 47,
    "images/avatar-10-10-50-50.jpg": 80,
    "images/avatar-10-50-50-90.jpg": 47,
    "images/avatar-90-50-90-50.jpg": 25,
    "images/avatar-50-50-50-10.jpg": 36,
    "images/avatar-90-90-10-90.jpg": 18,
    "images/avatar-50-10-90-10.jpg": 41,
    "images/avatar-10-50-10-90.jpg": 90,
    "images/avatar-90-10-90-10.jpg": 53,
    "images/avatar-90-50-50-50.jpg": 39,
    "images/avatar-50-10-50-50.jpg": 28,
    "images/avatar-50-90-90-10.jpg": 60,
    "images/avatar-10-90-10-10.jpg": 27,
    "images/avatar-50-50-10-10.jpg": 44,
    "images/avatar-10-90-90-90.jpg": 32,
    "images/avatar-90-50-10-50.jpg": 14,
    "images/avatar-10-10-90-90.jpg": 32,
    "images/avatar-50-90-90-90.jpg": 71,
    "images/avatar-50-90-50-50.jpg": 49,
    "images/avatar-50-50-10-50.jpg": 36,
    "images/avatar-50-50-10-90.jpg": 68,
    "images/avatar-90-50-10-90.jpg": 32,
    "images/avatar-10-10-10-90.jpg": 43,
    "images/avatar-90-10-50-90.jpg": 81,
    "images/avatar-10-50-90-50.jpg": 34,
    "images/avatar-50-50-90-90.jpg": 47,
    "images/avatar-90-90-50-90.jpg": 40,
    "images/avatar-10-50-90-10.jpg": 51,
    "images/avatar-50-10-10-90.jpg": 38,
    "images/avatar-90-50-90-90.jpg": 49,
    "images/avatar-10-90-50-50.jpg": 65,
    "images/avatar-50-10-50-90.jpg": 76,
    "images/avatar-10-50-50-10.jpg": 39,
    "images/avatar-50-10-10-10.jpg": 38,
    "images/avatar-90-90-90-10.jpg": 95,
    "images/avatar-10-10-10-10.jpg": 58,
    "images/avatar-90-90-90-90.jpg": 38,
    "images/avatar-90-90-10-50.jpg": 57,
    "images/avatar-10-50-90-90.jpg": 40,
    "images/avatar-50-50-50-90.jpg": 68,
    "images/avatar-90-10-50-10.jpg": 56,
    "images/avatar-90-90-90-50.jpg": 44,
    "images/avatar-10-10-90-10.jpg": 35,
    "images/avatar-10-90-50-10.jpg": 46,
    "images/avatar-10-50-50-50.jpg": 52,
    "images/avatar-90-10-10-90.jpg": 40,
    "images/avatar-50-90-10-50.jpg": 59,
    "images/avatar-10-10-50-10.jpg": 24,
    "images/avatar-50-10-50-10.jpg": 11,
    "images/avatar-10-10-10-50.jpg": 30,
    "images/avatar-50-50-90-10.jpg": 51,
    "images/avatar-90-10-10-50.jpg": 32,
    "images/avatar-10-90-10-50.jpg": 51,
    "images/avatar-10-90-90-50.jpg": 30,
    "images/avatar-10-10-90-50.jpg": 60
}