{
    "images/avatar-90-50-50-10.jpg": 76,
    "images/avatar-50-90-10-10.jpg": 60,
    "images/avatar-50-10-90-90.jpg": 23,
    "images/avatar-50-50-50-50.jpg": 56,
    "images/avatar-50-10-10-50.jpg": 82,
    "images/avatar-10-90-10-90.jpg": 17,
    "images/avatar-90-10-90-50.jpg": 25,
    "images/avatar-90-90-50-50.jpg": 44,
    "images/avatar-50-90-50-10.jpg": 57,
    "images/avatar-90-10-50-50.jpg": 74,
    "images/avatar-90-50-10-10.jpg": 84,
    "images/avatar-90-10-10-10.jpg": 68,
    "images/avatar-10-90-90-10.jpg": 42,
    "images/avatar-50-90-50-90.jpg": 24,
    "images/avatar-90-90-50-10.jpg": 55,
    "images/avatar-10-90-50-90.jpg": 27,
    "images/avatar-90-50-90-10.jpg": 69,
    "images/avatar-90-90-10-10.jpg": 52,
    "images/avatar-50-10-90-50.jpg": 76,
    "images/avatar-10-10-50-50.jpg": 97,
    "images/avatar-10-50-50-90.jpg": 30,
    "images/avatar-90-50-90-50.jpg": 52,
    "images/avatar-50-50-50-10.jpg": 34,
    "images/avatar-90-90-10-90.jpg": 17,
    "images/avatar-50-10-90-10.jpg": 51,
    "images/avatar-10-50-10-90.jpg": 43,
    "images/avatar-90-10-90-10.jpg": 52,
    "images/avatar-90-50-50-50.jpg": 81,
    "images/avatar-50-10-50-50.jpg": 63,
    "images/avatar-50-90-90-10.jpg": 58,
    "images/avatar-10-90-10-10.jpg": 40,
    "images/avatar-50-50-10-10.jpg": 61,
    "images/avatar-10-90-90-90.jpg": 25,
    "images/avatar-90-50-10-50.jpg": 46,
    "images/avatar-10-10-90-90.jpg": 23,
    "images/avatar-50-90-90-90.jpg": 14,
    "images/avatar-50-90-50-50.jpg": 70,
    "images/avatar-50-50-10-50.jpg": 73,
    "images/avatar-50-50-10-90.jpg": 27,
    "images/avatar-90-50-10-90.jpg": 27,
    "images/avatar-10-10-10-90.jpg": 23,
    "images/avatar-90-10-50-90.jpg": 26,
    "images/avatar-10-50-90-50.jpg": 19,
    "images/avatar-50-50-90-90.jpg": 19,
    "images/avatar-90-90-50-90.jpg": 36,
    "images/avatar-10-50-90-10.jpg": 51,
    "images/avatar-50-10-10-90.jpg": 33,
    "images/avatar-90-50-90-90.jpg": 22,
    "images/avatar-10-90-50-50.jpg": 46,
    "images/avatar-50-10-50-90.jpg": 27,
    "images/avatar-10-50-50-10.jpg": 78,
    "images/avatar-50-10-10-10.jpg": 65,
    "images/avatar-90-90-90-10.jpg": 22,
    "images/avatar-10-10-10-10.jpg": 69,
    "images/avatar-90-90-90-90.jpg": 24,
    "images/avatar-90-90-10-50.jpg": 1,
    "images/avatar-10-50-90-90.jpg": 29,
    "images/avatar-50-50-50-90.jpg": 26,
    "images/avatar-90-10-50-10.jpg": 40,
    "images/avatar-90-90-90-50.jpg": 49,
    "images/avatar-10-10-90-10.jpg": 53,
    "images/avatar-10-90-50-10.jpg": 32,
    "images/avatar-10-50-50-50.jpg": 64,
    "images/avatar-90-10-10-90.jpg": 16,
    "images/avatar-50-90-10-50.jpg": 81,
    "images/avatar-10-10-50-10.jpg": 49,
    "images/avatar-50-10-50-10.jpg": 74,
    "images/avatar-10-10-10-50.jpg": 70,
    "images/avatar-50-50-90-10.jpg": 59,
    "images/avatar-90-10-10-50.jpg": 26,
    "images/avatar-10-90-10-50.jpg": 46,
    "images/avatar-10-90-90-50.jpg": 39,
    "images/avatar-10-10-90-50.jpg": 36
}