{
    "images/avatar-90-50-50-10.jpg": 22,
    "images/avatar-50-90-10-10.jpg": 10,
    "images/avatar-50-10-90-90.jpg": 13,
    "images/avatar-50-50-50-50.jpg": 84,
    "images/avatar-50-10-10-50.jpg": 81,
    "images/avatar-10-90-10-90.jpg": 17,
    "images/avatar-90-10-90-50.jpg": 74,
    "images/avatar-90-90-50-50.jpg": 74,
    "images/avatar-50-90-50-10.jpg": 16,
    "images/avatar-90-10-50-50.jpg": 87,
    "images/avatar-90-50-10-10.jpg": 20,
    "images/avatar-90-10-10-10.jpg": 23,
    "images/avatar-10-90-90-10.jpg": 12,
    "images/avatar-50-90-50-90.jpg": 48,
    "images/avatar-90-90-50-10.jpg": 11,
    "images/avatar-10-90-50-90.jpg": 47,
    "images/avatar-90-50-90-10.jpg": 20,
    "images/avatar-90-90-10-10.jpg": 14,
    "images/avatar-50-10-90-50.jpg": 70,
    "images/avatar-10-10-50-50.jpg": 82,
    "images/avatar-10-50-50-90.jpg": 36,
    "images/avatar-90-50-90-50.jpg": 84,
    "images/avatar-50-50-50-10.jpg": 10,
    "images/avatar-90-90-10-90.jpg": 47,
    "images/avatar-50-10-90-10.jpg": 12,
    "images/avatar-10-50-10-90.jpg": 35,
    "images/avatar-90-10-90-10.jpg": 22,
    "images/avatar-90-50-50-50.jpg": 75,
    "images/avatar-50-10-50-50.jpg": 76,
    "images/avatar-50-90-90-10.jpg": 10,
    "images/avatar-10-90-10-10.jpg": 14,
    "images/avatar-50-50-10-10.jpg": 15,
    "images/avatar-10-90-90-90.jpg": 48,
    "images/avatar-90-50-10-50.jpg": 79,
    "images/avatar-10-10-90-90.jpg": 40,
    "images/avatar-50-90-90-90.jpg": 17,
    "images/avatar-50-90-50-50.jpg": 76,
    "images/avatar-50-50-10-50.jpg": 78,
    "images/avatar-50-50-10-90.jpg": 46,
    "images/avatar-90-50-10-90.jpg": 27,
    "images/avatar-10-10-10-90.jpg": 51,
    "images/avatar-90-10-50-90.jpg": 46,
    "images/avatar-10-50-90-50.jpg": 79,
    "images/avatar-50-50-90-90.jpg": 36,
    "images/avatar-90-90-50-90.jpg": 44,
    "images/avatar-10-50-90-10.jpg": 24,
    "images/avatar-50-10-10-90.jpg": 44,
    "images/avatar-90-50-90-90.jpg": 41,
    "images/avatar-10-90-50-50.jpg": 82,
    "images/avatar-50-10-50-90.jpg": 43,
    "images/avatar-10-50-50-10.jpg": 20,
    "images/avatar-50-10-10-10.jpg": 25,
    "images/avatar-90-90-90-10.jpg": 21,
    "images/avatar-10-10-10-10.jpg": 26,
    "images/avatar-90-90-90-90.jpg": 56,
    "images/avatar-90-90-10-50.jpg": 70,
    "images/avatar-10-50-90-90.jpg": 40,
    "images/avatar-50-50-50-90.jpg": 41,
    "images/avatar-90-10-50-10.jpg": 19,
    "images/avatar-90-90-90-50.jpg": 76,
    "images/avatar-10-10-90-10.jpg": 14,
    "images/avatar-10-90-50-10.jpg": 24,
    "images/avatar-10-50-50-50.jpg": 76,
    "images/avatar-90-10-10-90.jpg": 43,
    "images/avatar-50-90-10-50.jpg": 72,
    "images/avatar-10-10-50-10.jpg": 16,
    "images/avatar-50-10-50-10.jpg": 23,
    "images/avatar-10-10-10-50.jpg": 80,
    "images/avatar-50-50-90-10.jpg": 20,
    "images/avatar-90-10-10-50.jpg": 79,
    "images/avatar-10-90-10-50.jpg": 85,
    "images/avatar-10-90-90-50.jpg": 78,
    "images/avatar-10-10-90-50.jpg": 75
}