{
    "images/avatar-90-50-50-10.jpg": 58,
    "images/avatar-50-90-10-10.jpg": 81,
    "images/avatar-50-10-90-90.jpg": 1,
    "images/avatar-50-50-50-50.jpg": 17,
    "images/avatar-50-10-10-50.jpg": 72,
    "images/avatar-10-90-10-90.jpg": 49,
    "images/avatar-90-10-90-50.jpg": 81,
    "images/avatar-90-90-50-50.jpg": 26,
    "images/avatar-50-90-50-10.jpg": 67,
    "images/avatar-90-10-50-50.jpg": 20,
    "images/avatar-90-50-10-10.jpg": 76,
    "images/avatar-90-10-10-10.jpg": 38,
    "images/avatar-10-90-90-10.jpg": 55,
    "images/avatar-50-90-50-90.jpg": 23,
    "images/avatar-90-90-50-10.jpg": 48,
    "images/avatar-10-90-50-90.jpg": 75,
    "images/avatar-90-50-90-10.jpg": 11,
    "images/avatar-90-90-10-10.jpg": 33,
    "images/avatar-50-10-90-50.jpg": 54,
    "images/avatar-10-10-50-50.jpg": 41,
    "images/avatar-10-50-50-90.jpg": 64,
    "images/avatar-90-50-90-50.jpg": 23,
    "images/avatar-50-50-50-10.jpg": 32,
    "images/avatar-90-90-10-90.jpg": 64,
    "images/avatar-50-10-90-10.jpg": 34,
    "images/avatar-10-50-10-90.jpg": 34,
    "images/avatar-90-10-90-10.jpg": 62,
    "images/avatar-90-50-50-50.jpg": 40,
    "images/avatar-50-10-50-50.jpg": 52,
    "images/avatar-50-90-90-10.jpg": 27,
    "images/avatar-10-90-10-10.jpg": 67,
    "images/avatar-50-50-10-10.jpg": 29,
    "images/avatar-10-90-90-90.jpg": 17,
    "images/avatar-90-50-10-50.jpg": 59,
    "images/avatar-10-10-90-90.jpg": 25,
    "images/avatar-50-90-90-90.jpg": 52,
    "images/avatar-50-90-50-50.jpg": 51,
    "images/avatar-50-50-10-50.jpg": 17,
    "images/avatar-50-50-10-90.jpg": 44,
    "images/avatar-90-50-10-90.jpg": 17,
    "images/avatar-10-10-10-90.jpg": 55,
    "images/avatar-90-10-50-90.jpg": 38,
    "images/avatar-10-50-90-50.jpg": 75,
    "images/avatar-50-50-90-90.jpg": 33,
    "images/avatar-90-90-50-90.jpg": 50,
    "images/avatar-10-50-90-10.jpg": 24,
    "images/avatar-50-10-10-90.jpg": 42,
    "images/avatar-90-50-90-90.jpg": 27,
    "images/avatar-10-90-50-50.jpg": 39,
    "images/avatar-50-10-50-90.jpg": 67,
    "images/avatar-10-50-50-10.jpg": 58,
    "images/avatar-50-10-10-10.jpg": 59,
    "images/avatar-90-90-90-10.jpg": 26,
    "images/avatar-10-10-10-10.jpg": 39,
    "images/avatar-90-90-90-90.jpg": 64,
    "images/avatar-90-90-10-50.jpg": 23,
    "images/avatar-10-50-90-90.jpg": 48,
    "images/avatar-50-50-50-90.jpg": 32,
    "images/avatar-90-10-50-10.jpg": 47,
    "images/avatar-90-90-90-50.jpg": 48,
    "images/avatar-10-10-90-10.jpg": 17,
    "images/avatar-10-90-50-10.jpg": 60,
    "images/avatar-10-50-50-50.jpg": 29,
    "images/avatar-90-10-10-90.jpg": 76,
    "images/avatar-50-90-10-50.jpg": 14,
    "images/avatar-10-10-50-10.jpg": 36,
    "images/avatar-50-10-50-10.jpg": 51,
    "images/avatar-10-10-10-50.jpg": 73,
    "images/avatar-50-50-90-10.jpg": 30,
    "images/avatar-90-10-10-50.jpg": 62,
    "images/avatar-10-90-10-50.jpg": 30,
    "images/avatar-10-90-90-50.jpg": 48,
    "images/avatar-10-10-90-50.jpg": 18
}