{
    "images/avatar-90-50-50-10.jpg": 65,
    "images/avatar-50-90-10-10.jpg": 34,
    "images/avatar-50-10-90-90.jpg": 27,
    "images/avatar-50-50-50-50.jpg": 71,
    "images/avatar-50-10-10-50.jpg": 47,
    "images/avatar-10-90-10-90.jpg": 38,
    "images/avatar-90-10-90-50.jpg": 60,
    "images/avatar-90-90-50-50.jpg": 43,
    "images/avatar-50-90-50-10.jpg": 60,
    "images/avatar-90-10-50-50.jpg": 72,
    "images/avatar-90-50-10-10.jpg": 60,
    "images/avatar-90-10-10-10.jpg": 34,
    "images/avatar-10-90-90-10.jpg": 67,
    "images/avatar-50-90-50-90.jpg": 59,
    "images/avatar-90-90-50-10.jpg": 86,
    "images/avatar-10-90-50-90.jpg": 60,
    "images/avatar-90-50-90-10.jpg": 43,
    "images/avatar-90-90-10-10.jpg": 51,
    "images/avatar-50-10-90-50.jpg": 82,
    "images/avatar-10-10-50-50.jpg": 47,
    "images/avatar-10-50-50-90.jpg": 74,
    "images/avatar-90-50-90-50.jpg": 60,
    "images/avatar-50-50-50-10.jpg": 87,
    "images/avatar-90-90-10-90.jpg": 48,
    "images/avatar-50-10-90-10.jpg": 77,
    "images/avatar-10-50-10-90.jpg": 47,
    "images/avatar-90-10-90-10.jpg": 37,
    "images/avatar-90-50-50-50.jpg": 36,
    "images/avatar-50-10-50-50.jpg": 75,
    "images/avatar-50-90-90-10.jpg": 36,
    "images/avatar-10-90-10-10.jpg": 65,
    "images/avatar-50-50-10-10.jpg": 45,
    "images/avatar-10-90-90-90.jpg": 75,
    "images/avatar-90-50-10-50.jpg": 36,
    "images/avatar-10-10-90-90.jpg": 72,
    "images/avatar-50-90-90-90.jpg": 51,
    "images/avatar-50-90-50-50.jpg": 72,
    "images/avatar-50-50-10-50.jpg": 53,
    "images/avatar-50-50-10-90.jpg": 69,
    "images/avatar-90-50-10-90.jpg": 41,
    "images/avatar-10-10-10-90.jpg": 75,
    "images/avatar-90-10-50-90.jpg": 43,
    "images/avatar-10-50-90-50.jpg": 38,
    "images/avatar-50-50-90-90.jpg": 77,
    "images/avatar-90-90-50-90.jpg": 43,
    "images/avatar-10-50-90-10.jpg": 77,
    "images/avatar-50-10-10-90.jpg": 47,
    "images/avatar-90-50-90-90.jpg": 78,
    "images/avatar-10-90-50-50.jpg": 56,
    "images/avatar-50-10-50-90.jpg": 71,
    "images/avatar-10-50-50-10.jpg": 60,
    "images/avatar-50-10-10-10.jpg": 47,
    "images/avatar-90-90-90-10.jpg": 48,
    "images/avatar-10-10-10-10.jpg": 65,
    "images/avatar-90-90-90-90.jpg": 46,
    "images/avatar-90-90-10-50.jpg": 74,
    "images/avatar-10-50-90-90.jpg": 50,
    "images/avatar-50-50-50-90.jpg": 77,
    "images/avatar-90-10-50-10.jpg": 48,
    "images/avatar-90-90-90-50.jpg": 67,
    "images/avatar-10-10-90-10.jpg": 35,
    "images/avatar-10-90-50-10.jpg": 76,
    "images/avatar-10-50-50-50.jpg": 37,
    "images/avatar-90-10-10-90.jpg": 80,
    "images/avatar-50-90-10-50.jpg": 52,
    "images/avatar-10-10-50-10.jpg": 84,
    "images/avatar-50-10-50-10.jpg": 49,
    "images/avatar-10-10-10-50.jpg": 37,
    "images/avatar-50-50-90-10.jpg": 75,
    "images/avatar-90-10-10-50.jpg": 41,
    "images/avatar-10-90-10-50.jpg": 67,
    "images/avatar-10-90-90-50.jpg": 48,
    "images/avatar-10-10-90-50.jpg": 74
}