{
    "images/avatar-90-50-50-10.jpg": 4,
    "images/avatar-50-90-10-10.jpg": 20,
    "images/avatar-50-10-90-90.jpg": 13,
    "images/avatar-50-50-50-50.jpg": 55,
    "images/avatar-50-10-10-50.jpg": 48,
    "images/avatar-10-90-10-90.jpg": 24,
    "images/avatar-90-10-90-50.jpg": 47,
    "images/avatar-90-90-50-50.jpg": 16,
    "images/avatar-50-90-50-10.jpg": 46,
    "images/avatar-90-10-50-50.jpg": 5,
    "images/avatar-90-50-10-10.jpg": 12,
    "images/avatar-90-10-10-10.jpg": 7,
    "images/avatar-10-90-90-10.jpg": 6,
    "images/avatar-50-90-50-90.jpg": 62,
    "images/avatar-90-90-50-10.jpg": 29,
    "images/avatar-10-90-50-90.jpg": 34,
    "images/avatar-90-50-90-10.jpg": 53,
    "images/avatar-90-90-10-10.jpg": 44,
    "images/avatar-50-10-90-50.jpg": 52,
    "images/avatar-10-10-50-50.jpg": 49,
    "images/avatar-10-50-50-90.jpg": 25,
    "images/avatar-90-50-90-50.jpg": 56,
    "images/avatar-50-50-50-10.jpg": 75,
    "images/avatar-90-90-10-90.jpg": 63,
    "images/avatar-50-10-90-10.jpg": 38,
    "images/avatar-10-50-10-90.jpg": 42,
    "images/avatar-90-10-90-10.jpg": 52,
    "images/avatar-90-50-50-50.jpg": 48,
    "images/avatar-50-10-50-50.jpg": 57,
    "images/avatar-50-90-90-10.jpg": 61,
    "images/avatar-10-90-10-10.jpg": 55,
    "images/avatar-50-50-10-10.jpg": 48,
    "images/avatar-10-90-90-90.jpg": 60,
    "images/avatar-90-50-10-50.jpg": 33,
    "images/avatar-10-10-90-90.jpg": 21,
    "images/avatar-50-90-90-90.jpg": 65,
    "images/avatar-50-90-50-50.jpg": 46,
    "images/avatar-50-50-10-50.jpg": 55,
    "images/avatar-50-50-10-90.jpg": 41,
    "images/avatar-90-50-10-90.jpg": 44,
    "images/avatar-10-10-10-90.jpg": 39,
    "images/avatar-90-10-50-90.jpg": 53,
    "images/avatar-10-50-90-50.jpg": 88,
    "images/avatar-50-50-90-90.jpg": 50,
    "images/avatar-90-90-50-90.jpg": 41,
    "images/avatar-10-50-90-10.jpg": 56,
    "images/avatar-50-10-10-90.jpg": 34,
    "images/avatar-90-50-90-90.jpg": 26,
    "images/avatar-10-90-50-50.jpg": 34,
    "images/avatar-50-10-50-90.jpg": 75,
    "images/avatar-10-50-50-10.jpg": 37,
    "images/avatar-50-10-10-10.jpg": 52,
    "images/avatar-90-90-90-10.jpg": 50,
    "images/avatar-10-10-10-10.jpg": 48,
    "images/avatar-90-90-90-90.jpg": 54,
    "images/avatar-90-90-10-50.jpg": 58,
    "images/avatar-10-50-90-90.jpg": 56,
    "images/avatar-50-50-50-90.jpg": 46,
    "images/avatar-90-10-50-10.jpg": 60,
    "images/avatar-90-90-90-50.jpg": 49,
    "images/avatar-10-10-90-10.jpg": 62,
    "images/avatar-10-90-50-10.jpg": 58,
    "images/avatar-10-50-50-50.jpg": 64,
    "images/avatar-90-10-10-90.jpg": 47,
    "images/avatar-50-90-10-50.jpg": 47,
    "images/avatar-10-10-50-10.jpg": 47,
    "images/avatar-50-10-50-10.jpg": 55,
    "images/avatar-10-10-10-50.jpg": 61,
    "images/avatar-50-50-90-10.jpg": 61,
    "images/avatar-90-10-10-50.jpg": 42,
    "images/avatar-10-90-10-50.jpg": 63,
    "images/avatar-10-90-90-50.jpg": 55,
    "images/avatar-10-10-90-50.jpg": 54
}