{
    "images/avatar-90-50-50-10.jpg": 62,
    "images/avatar-50-90-10-10.jpg": 23,
    "images/avatar-50-10-90-90.jpg": 65,
    "images/avatar-50-50-50-50.jpg": 38,
    "images/avatar-50-10-10-50.jpg": 66,
    "images/avatar-10-90-10-90.jpg": 19,
    "images/avatar-90-10-90-50.jpg": 65,
    "images/avatar-90-90-50-50.jpg": 40,
    "images/avatar-50-90-50-10.jpg": 58,
    "images/avatar-90-10-50-50.jpg": 45,
    "images/avatar-90-50-10-10.jpg": 63,
    "images/avatar-90-10-10-10.jpg": 43,
    "images/avatar-10-90-90-10.jpg": 56,
    "images/avatar-50-90-50-90.jpg": 35,
    "images/avatar-90-90-50-10.jpg": 62,
    "images/avatar-10-90-50-90.jpg": 26,
    "images/avatar-90-50-90-10.jpg": 60,
    "images/avatar-90-90-10-10.jpg": 46,
    "images/avatar-50-10-90-50.jpg": 63,
    "images/avatar-10-10-50-50.jpg": 24,
    "images/avatar-10-50-50-90.jpg": 61,
    "images/avatar-90-50-90-50.jpg": 33,
    "images/avatar-50-50-50-10.jpg": 68,
    "images/avatar-90-90-10-90.jpg": 54,
    "images/avatar-50-10-90-10.jpg": 77,
    "images/avatar-10-50-10-90.jpg": 38,
    "images/avatar-90-10-90-10.jpg": 63,
    "images/avatar-90-50-50-50.jpg": 30,
    "images/avatar-50-10-50-50.jpg": 63,
    "images/avatar-50-90-90-10.jpg": 33,
    "images/avatar-10-90-10-10.jpg": 55,
    "images/avatar-50-50-10-10.jpg": 50,
    "images/avatar-10-90-90-90.jpg": 51,
    "images/avatar-90-50-10-50.jpg": 29,
    "images/avatar-10-10-90-90.jpg": 41,
    "images/avatar-50-90-90-90.jpg": 64,
    "images/avatar-50-90-50-50.jpg": 69,
    "images/avatar-50-50-10-50.jpg": 57,
    "images/avatar-50-50-10-90.jpg": 47,
    "images/avatar-90-50-10-90.jpg": 66,
    "images/avatar-10-10-10-90.jpg": 38,
    "images/avatar-90-10-50-90.jpg": 69,
    "images/avatar-10-50-90-50.jpg": 38,
    "images/avatar-50-50-90-90.jpg": 71,
    "images/avatar-90-90-50-90.jpg": 41,
    "images/avatar-10-50-90-10.jpg": 44,
    "images/avatar-50-10-10-90.jpg": 41,
    "images/avatar-90-50-90-90.jpg": 77,
    "images/avatar-10-90-50-50.jpg": 33,
    "images/avatar-50-10-50-90.jpg": 76,
    "images/avatar-10-50-50-10.jpg": 36,
    "images/avatar-50-10-10-10.jpg": 68,
    "images/avatar-90-90-90-10.jpg": 44,
    "images/avatar-10-10-10-10.jpg": 65,
    "images/avatar-90-90-90-90.jpg": 58,
    "images/avatar-90-90-10-50.jpg": 69,
    "images/avatar-10-50-90-90.jpg": 31,
    "images/avatar-50-50-50-90.jpg": 78,
    "images/avatar-90-10-50-10.jpg": 39,
    "images/avatar-90-90-90-50.jpg": 65,
    "images/avatar-10-10-90-10.jpg": 34,
    "images/avatar-10-90-50-10.jpg": 59,
    "images/avatar-10-50-50-50.jpg": 37,
    "images/avatar-90-10-10-90.jpg": 71,
    "images/avatar-50-90-10-50.jpg": 41,
    "images/avatar-10-10-50-10.jpg": 67,
    "images/avatar-50-10-50-10.jpg": 26,
    "images/avatar-10-10-10-50.jpg": 68,
    "images/avatar-50-50-90-10.jpg": 39,
    "images/avatar-90-10-10-50.jpg": 68,
    "images/avatar-10-90-10-50.jpg": 40,
    "images/avatar-10-90-90-50.jpg": 54,
    "images/avatar-10-10-90-50.jpg": 44
}