{
    "images/avatar-90-50-50-10.jpg": 18,
    "images/avatar-50-90-10-10.jpg": 39,
    "images/avatar-50-10-90-90.jpg": 80,
    "images/avatar-50-50-50-50.jpg": 41,
    "images/avatar-50-10-10-50.jpg": 56,
    "images/avatar-10-90-10-90.jpg": 85,
    "images/avatar-90-10-90-50.jpg": 27,
    "images/avatar-90-90-50-50.jpg": 53,
    "images/avatar-50-90-50-10.jpg": 39,
    "images/avatar-90-10-50-50.jpg": 90,
    "images/avatar-90-50-10-10.jpg": 70,
    "images/avatar-90-10-10-10.jpg": 96,
    "images/avatar-10-90-90-10.jpg": 76,
    "images/avatar-50-90-50-90.jpg": 83,
    "images/avatar-90-90-50-10.jpg": 47,
    "images/avatar-10-90-50-90.jpg": 88,
    "images/avatar-90-50-90-10.jpg": 17,
    "images/avatar-90-90-10-10.jpg": 23,
    "images/avatar-50-10-90-50.jpg": 83,
    "images/avatar-10-10-50-50.jpg": 98,
    "images/avatar-10-50-50-90.jpg": 8,
    "images/avatar-90-50-90-50.jpg": 85,
    "images/avatar-50-50-50-10.jpg": 27,
    "images/avatar-90-90-10-90.jpg": 49,
    "images/avatar-50-10-90-10.jpg": 79,
    "images/avatar-10-50-10-90.jpg": 92,
    "images/avatar-90-10-90-10.jpg": 99,
    "images/avatar-90-50-50-50.jpg": 11,
    "images/avatar-50-10-50-50.jpg": 53,
    "images/avatar-50-90-90-10.jpg": 24,
    "images/avatar-10-90-10-10.jpg": 88,
    "images/avatar-50-50-10-10.jpg": 72,
    "images/avatar-10-90-90-90.jpg": 20,
    "images/avatar-90-50-10-50.jpg": 78,
    "images/avatar-10-10-90-90.jpg": 50,
    "images/avatar-50-90-90-90.jpg": 85,
    "images/avatar-50-90-50-50.jpg": 9,
    "images/avatar-50-50-10-50.jpg": 79,
    "images/avatar-50-50-10-90.jpg": 66,
    "images/avatar-90-50-10-90.jpg": 14,
    "images/avatar-10-10-10-90.jpg": 49,
    "images/avatar-90-10-50-90.jpg": 67,
    "images/avatar-10-50-90-50.jpg": 96,
    "images/avatar-50-50-90-90.jpg": 43,
    "images/avatar-90-90-50-90.jpg": 58,
    "images/avatar-10-50-90-10.jpg": 17,
    "images/avatar-50-10-10-90.jpg": 16,
    "images/avatar-90-50-90-90.jpg": 49,
    "images/avatar-10-90-50-50.jpg": 30,
    "images/avatar-50-10-50-90.jpg": 67,
    "images/avatar-10-50-50-10.jpg": 55,
    "images/avatar-50-10-10-10.jpg": 88,
    "images/avatar-90-90-90-10.jpg": 23,
    "images/avatar-10-10-10-10.jpg": 50,
    "images/avatar-90-90-90-90.jpg": 20,
    "images/avatar-90-90-10-50.jpg": 82,
    "images/avatar-10-50-90-90.jpg": 66,
    "images/avatar-50-50-50-90.jpg": 15,
    "images/avatar-90-10-50-10.jpg": 79,
    "images/avatar-90-90-90-50.jpg": 20,
    "images/avatar-10-10-90-10.jpg": 82,
    "images/avatar-10-90-50-10.jpg": 55,
    "images/avatar-10-50-50-50.jpg": 76,
    "images/avatar-90-10-10-90.jpg": 16,
    "images/avatar-50-90-10-50.jpg": 54,
    "images/avatar-10-10-50-10.jpg": 86,
    "images/avatar-50-10-50-10.jpg": 15,
    "images/avatar-10-10-10-50.jpg": 89,
    "images/avatar-50-50-90-10.jpg": 12,
    "images/avatar-90-10-10-50.jpg": 85,
    "images/avatar-10-90-10-50.jpg": 49,
    "images/avatar-10-90-90-50.jpg": 47,
    "images/avatar-10-10-90-50.jpg": 97
}