{
    "images/avatar-90-50-50-10.jpg": 100,
    "images/avatar-50-90-10-10.jpg": 44,
    "images/avatar-50-10-90-90.jpg": 32,
    "images/avatar-50-50-50-50.jpg": 73,
    "images/avatar-50-10-10-50.jpg": 100,
    "images/avatar-10-90-10-90.jpg": 38,
    "images/avatar-90-10-90-50.jpg": 100,
    "images/avatar-90-90-50-50.jpg": 100,
    "images/avatar-50-90-50-10.jpg": 53,
    "images/avatar-90-10-50-50.jpg": 100,
    "images/avatar-90-50-10-10.jpg": 36,
    "images/avatar-90-10-10-10.jpg": 80,
    "images/avatar-10-90-90-10.jpg": 63,
    "images/avatar-50-90-50-90.jpg": 98,
    "images/avatar-90-90-50-10.jpg": 71,
    "images/avatar-10-90-50-90.jpg": 76,
    "images/avatar-90-50-90-10.jpg": 33,
    "images/avatar-90-90-10-10.jpg": 100,
    "images/avatar-50-10-90-50.jpg": 54,
    "images/avatar-10-10-50-50.jpg": 79,
    "images/avatar-10-50-50-90.jpg": 33,
    "images/avatar-90-50-90-50.jpg": 62,
    "images/avatar-50-50-50-10.jpg": 95,
    "images/avatar-90-90-10-90.jpg": 94,
    "images/avatar-50-10-90-10.jpg": 59,
    "images/avatar-10-50-10-90.jpg": 37,
    "images/avatar-90-10-90-10.jpg": 28,
    "images/avatar-90-50-50-50.jpg": 57,
    "images/avatar-50-10-50-50.jpg": 46,
    "images/avatar-50-90-90-10.jpg": 27,
    "images/avatar-10-90-10-10.jpg": 23,
    "images/avatar-50-50-10-10.jpg": 100,
    "images/avatar-10-90-90-90.jpg": 45,
    "images/avatar-90-50-10-50.jpg": 100,
    "images/avatar-10-10-90-90.jpg": 87,
    "images/avatar-50-90-90-90.jpg": 63,
    "images/avatar-50-90-50-50.jpg": 100,
    "images/avatar-50-50-10-50.jpg": 68,
    "images/avatar-50-50-10-90.jpg": 71,
    "images/avatar-90-50-10-90.jpg": 58,
    "images/avatar-10-10-10-90.jpg": 85,
    "images/avatar-90-10-50-90.jpg": 54,
    "images/avatar-10-50-90-50.jpg": 92,
    "images/avatar-50-50-90-90.jpg": 51,
    "images/avatar-90-90-50-90.jpg": 68,
    "images/avatar-10-50-90-10.jpg": 32,
    "images/avatar-50-10-10-90.jpg": 47,
    "images/avatar-90-50-90-90.jpg": 81,
    "images/avatar-10-90-50-50.jpg": 100,
    "images/avatar-50-10-50-90.jpg": 40,
    "images/avatar-10-50-50-10.jpg": 82,
    "images/avatar-50-10-10-10.jpg": 66,
    "images/avatar-90-90-90-10.jpg": 44,
    "images/avatar-10-10-10-10.jpg": 31,
    "images/avatar-90-90-90-90.jpg": 38,
    "images/avatar-90-90-10-50.jpg": 65,
    "images/avatar-10-50-90-90.jpg": 24,
    "images/avatar-50-50-50-90.jpg": 30,
    "images/avatar-90-10-50-10.jpg": 100,
    "images/avatar-90-90-90-50.jpg": 42,
    "images/avatar-10-10-90-10.jpg": 45,
    "images/avatar-10-90-50-10.jpg": 50,
    "images/avatar-10-50-50-50.jpg": 100,
    "images/avatar-90-10-10-90.jpg": 60,
    "images/avatar-50-90-10-50.jpg": 100,
    "images/avatar-10-10-50-10.jpg": 36,
    "images/avatar-50-10-50-10.jpg": 47,
    "images/avatar-10-10-10-50.jpg": 100,
    "images/avatar-50-50-90-10.jpg": 44,
    "images/avatar-90-10-10-50.jpg": 94,
    "images/avatar-10-90-10-50.jpg": 76,
    "images/avatar-10-90-90-50.jpg": 88,
    "images/avatar-10-10-90-50.jpg": 38
}