{
    "images/avatar-90-50-50-10.jpg": 1,
    "images/avatar-50-90-10-10.jpg": 43,
    "images/avatar-50-10-90-90.jpg": 74,
    "images/avatar-50-50-50-50.jpg": 32,
    "images/avatar-50-10-10-50.jpg": 38,
    "images/avatar-10-90-10-90.jpg": 1,
    "images/avatar-90-10-90-50.jpg": 56,
    "images/avatar-90-90-50-50.jpg": 62,
    "images/avatar-50-90-50-10.jpg": 21,
    "images/avatar-90-10-50-50.jpg": 1,
    "images/avatar-90-50-10-10.jpg": 52,
    "images/avatar-90-10-10-10.jpg": 34,
    "images/avatar-10-90-90-10.jpg": 1,
    "images/avatar-50-90-50-90.jpg": 23,
    "images/avatar-90-90-50-10.jpg": 1,
    "images/avatar-10-90-50-90.jpg": 51,
    "images/avatar-90-50-90-10.jpg": 63,
    "images/avatar-90-90-10-10.jpg": 38,
    "images/avatar-50-10-90-50.jpg": 38,
    "images/avatar-10-10-50-50.jpg": 71,
    "images/avatar-10-50-50-90.jpg": 65,
    "images/avatar-90-50-90-50.jpg": 49,
    "images/avatar-50-50-50-10.jpg": 52,
    "images/avatar-90-90-10-90.jpg": 40,
    "images/avatar-50-10-90-10.jpg": 49,
    "images/avatar-10-50-10-90.jpg": 49,
    "images/avatar-90-10-90-10.jpg": 1,
    "images/avatar-90-50-50-50.jpg": 51,
    "images/avatar-50-10-50-50.jpg": 52,
    "images/avatar-50-90-90-10.jpg": 1,
    "images/avatar-10-90-10-10.jpg": 63,
    "images/avatar-50-50-10-10.jpg": 1,
    "images/avatar-10-90-90-90.jpg": 45,
    "images/avatar-90-50-10-50.jpg": 1,
    "images/avatar-10-10-90-90.jpg": 58,
    "images/avatar-50-90-90-90.jpg": 38,
    "images/avatar-50-90-50-50.jpg": 58,
    "images/avatar-50-50-10-50.jpg": 54,
    "images/avatar-50-50-10-90.jpg": 56,
    "images/avatar-90-50-10-90.jpg": 60,
    "images/avatar-10-10-10-90.jpg": 62,
    "images/avatar-90-10-50-90.jpg": 63,
    "images/avatar-10-50-90-50.jpg": 67,
    "images/avatar-50-50-90-90.jpg": 25,
    "images/avatar-90-90-50-90.jpg": 54,
    "images/avatar-10-50-90-10.jpg": 40,
    "images/avatar-50-10-10-90.jpg": 34,
    "images/avatar-90-50-90-90.jpg": 41,
    "images/avatar-10-90-50-50.jpg": 69,
    "images/avatar-50-10-50-90.jpg": 19,
    "images/avatar-10-50-50-10.jpg": 19,
    "images/avatar-50-10-10-10.jpg": 67,
    "images/avatar-90-90-90-10.jpg": 19,
    "images/avatar-10-10-10-10.jpg": 74,
    "images/avatar-90-90-90-90.jpg": 76,
    "images/avatar-90-90-10-50.jpg": 67,
    "images/avatar-10-50-90-90.jpg": 80,
    "images/avatar-50-50-50-90.jpg": 23,
    "images/avatar-90-10-50-10.jpg": 87,
    "images/avatar-90-90-90-50.jpg": 60,
    "images/avatar-10-10-90-10.jpg": 16,
    "images/avatar-10-90-50-10.jpg": 62,
    "images/avatar-10-50-50-50.jpg": 30,
    "images/avatar-90-10-10-90.jpg": 65,
    "images/avatar-50-90-10-50.jpg": 10,
    "images/avatar-10-10-50-10.jpg": 76,
    "images/avatar-50-10-50-10.jpg": 38,
    "images/avatar-10-10-10-50.jpg": 62,
    "images/avatar-50-50-90-10.jpg": 29,
    "images/avatar-90-10-10-50.jpg": 71,
    "images/avatar-10-90-10-50.jpg": 32,
    "images/avatar-10-90-90-50.jpg": 73,
    "images/avatar-10-10-90-50.jpg": 21
}