{
    "images/avatar-90-50-50-10.jpg": 48,
    "images/avatar-50-90-10-10.jpg": 47,
    "images/avatar-50-10-90-90.jpg": 26,
    "images/avatar-50-50-50-50.jpg": 98,
    "images/avatar-50-10-10-50.jpg": 77,
    "images/avatar-10-90-10-90.jpg": 32,
    "images/avatar-90-10-90-50.jpg": 53,
    "images/avatar-90-90-50-50.jpg": 76,
    "images/avatar-50-90-50-10.jpg": 35,
    "images/avatar-90-10-50-50.jpg": 43,
    "images/avatar-90-50-10-10.jpg": 52,
    "images/avatar-90-10-10-10.jpg": 40,
    "images/avatar-10-90-90-10.jpg": 21,
    "images/avatar-50-90-50-90.jpg": 40,
    "images/avatar-90-90-50-10.jpg": 52,
    "images/avatar-10-90-50-90.jpg": 25,
    "images/avatar-90-50-90-10.jpg": 48,
    "images/avatar-90-90-10-10.jpg": 35,
    "images/avatar-50-10-90-50.jpg": 77,
    "images/avatar-10-10-50-50.jpg": 47,
    "images/avatar-10-50-50-90.jpg": 21,
    "images/avatar-90-50-90-50.jpg": 84,
    "images/avatar-50-50-50-10.jpg": 28,
    "images/avatar-90-90-10-90.jpg": 25,
    "images/avatar-50-10-90-10.jpg": 17,
    "images/avatar-10-50-10-90.jpg": 29,
    "images/avatar-90-10-90-10.jpg": 19,
    "images/avatar-90-50-50-50.jpg": 74,
    "images/avatar-50-10-50-50.jpg": 95,
    "images/avatar-50-90-90-10.jpg": 10,
    "images/avatar-10-90-10-10.jpg": 19,
    "images/avatar-50-50-10-10.jpg": 30,
    "images/avatar-10-90-90-90.jpg": 16,
    "images/avatar-90-50-10-50.jpg": 85,
    "images/avatar-10-10-90-90.jpg": 26,
    "images/avatar-50-90-90-90.jpg": 25,
    "images/avatar-50-90-50-50.jpg": 77,
    "images/avatar-50-50-10-50.jpg": 98,
    "images/avatar-50-50-10-90.jpg": 38,
    "images/avatar-90-50-10-90.jpg": 29,
    "images/avatar-10-10-10-90.jpg": 56,
    "images/avatar-90-10-50-90.jpg": 28,
    "images/avatar-10-50-90-50.jpg": 76,
    "images/avatar-50-50-90-90.jpg": 22,
    "images/avatar-90-90-50-90.jpg": 16,
    "images/avatar-10-50-90-10.jpg": 32,
    "images/avatar-50-10-10-90.jpg": 34,
    "images/avatar-90-50-90-90.jpg": 37,
    "images/avatar-10-90-50-50.jpg": 74,
    "images/avatar-50-10-50-90.jpg": 60,
    "images/avatar-10-50-50-10.jpg": 61,
    "images/avatar-50-10-10-10.jpg": 41,
    "images/avatar-90-90-90-10.jpg": 58,
    "images/avatar-10-10-10-10.jpg": 41,
    "images/avatar-90-90-90-90.jpg": 36,
    "images/avatar-90-90-10-50.jpg": 58,
    "images/avatar-10-50-90-90.jpg": 60,
    "images/avatar-50-50-50-90.jpg": 48,
    "images/avatar-90-10-50-10.jpg": 32,
    "images/avatar-90-90-90-50.jpg": 68,
    "images/avatar-10-10-90-10.jpg": 49,
    "images/avatar-10-90-50-10.jpg": 32,
    "images/avatar-10-50-50-50.jpg": 86,
    "images/avatar-90-10-10-90.jpg": 40,
    "images/avatar-50-90-10-50.jpg": 79,
    "images/avatar-10-10-50-10.jpg": 48,
    "images/avatar-50-10-50-10.jpg": 62,
    "images/avatar-10-10-10-50.jpg": 85,
    "images/avatar-50-50-90-10.jpg": 40,
    "images/avatar-90-10-10-50.jpg": 78,
    "images/avatar-10-90-10-50.jpg": 93,
    "images/avatar-10-90-90-50.jpg": 71,
    "images/avatar-10-10-90-50.jpg": 82
}