{
    "images/avatar-90-50-50-10.jpg": 91,
    "images/avatar-50-90-10-10.jpg": 83,
    "images/avatar-50-10-90-90.jpg": 49,
    "images/avatar-50-50-50-50.jpg": 71,
    "images/avatar-50-10-10-50.jpg": 94,
    "images/avatar-10-90-10-90.jpg": 89,
    "images/avatar-90-10-90-50.jpg": 71,
    "images/avatar-90-90-50-50.jpg": 66,
    "images/avatar-50-90-50-10.jpg": 79,
    "images/avatar-90-10-50-50.jpg": 60,
    "images/avatar-90-50-10-10.jpg": 78,
    "images/avatar-90-10-10-10.jpg": 53,
    "images/avatar-10-90-90-10.jpg": 65,
    "images/avatar-50-90-50-90.jpg": 66,
    "images/avatar-90-90-50-10.jpg": 73,
    "images/avatar-10-90-50-90.jpg": 89,
    "images/avatar-90-50-90-10.jpg": 96,
    "images/avatar-90-90-10-10.jpg": 76,
    "images/avatar-50-10-90-50.jpg": 76,
    "images/avatar-10-10-50-50.jpg": 82,
    "images/avatar-10-50-50-90.jpg": 83,
    "images/avatar-90-50-90-50.jpg": 86,
    "images/avatar-50-50-50-10.jpg": 84,
    "images/avatar-90-90-10-90.jpg": 85,
    "images/avatar-50-10-90-10.jpg": 89,
    "images/avatar-10-50-10-90.jpg": 88,
    "images/avatar-90-10-90-10.jpg": 94,
    "images/avatar-90-50-50-50.jpg": 88,
    "images/avatar-50-10-50-50.jpg": 88,
    "images/avatar-50-90-90-10.jpg": 89,
    "images/avatar-10-90-10-10.jpg": 89,
    "images/avatar-50-50-10-10.jpg": 89,
    "images/avatar-10-90-90-90.jpg": 89,
    "images/avatar-90-50-10-50.jpg": 91,
    "images/avatar-10-10-90-90.jpg": 92,
    "images/avatar-50-90-90-90.jpg": 94,
    "images/avatar-50-90-50-50.jpg": 94,
    "images/avatar-50-50-10-50.jpg": 95,
    "images/avatar-50-50-10-90.jpg": 95,
    "images/avatar-90-50-10-90.jpg": 95,
    "images/avatar-10-10-10-90.jpg": 95,
    "images/avatar-90-10-50-90.jpg": 79,
    "images/avatar-10-50-90-50.jpg": 90,
    "images/avatar-50-50-90-90.jpg": 1,
    "images/avatar-90-90-50-90.jpg": 1,
    "images/avatar-10-50-90-10.jpg": 63,
    "images/avatar-50-10-10-90.jpg": 1,
    "images/avatar-90-50-90-90.jpg": 89,
    "images/avatar-10-90-50-50.jpg": 85,
    "images/avatar-50-10-50-90.jpg": 88,
    "images/avatar-10-50-50-10.jpg": 72,
    "images/avatar-50-10-10-10.jpg": 85,
    "images/avatar-90-90-90-10.jpg": 91,
    "images/avatar-10-10-10-10.jpg": 88,
    "images/avatar-90-90-90-90.jpg": 60,
    "images/avatar-90-90-10-50.jpg": 78,
    "images/avatar-10-50-90-90.jpg": 85,
    "images/avatar-50-50-50-90.jpg": 84,
    "images/avatar-90-10-50-10.jpg": 93,
    "images/avatar-90-90-90-50.jpg": 82,
    "images/avatar-10-10-90-10.jpg": 1,
    "images/avatar-10-90-50-10.jpg": 74,
    "images/avatar-10-50-50-50.jpg": 73,
    "images/avatar-90-10-10-90.jpg": 95,
    "images/avatar-50-90-10-50.jpg": 1,
    "images/avatar-10-10-50-10.jpg": 85,
    "images/avatar-50-10-50-10.jpg": 87,
    "images/avatar-10-10-10-50.jpg": 89,
    "images/avatar-50-50-90-10.jpg": 90,
    "images/avatar-90-10-10-50.jpg": 91,
    "images/avatar-10-90-10-50.jpg": 89,
    "images/avatar-10-90-90-50.jpg": 80,
    "images/avatar-10-10-90-50.jpg": 84
}