{
    "images/avatar-90-50-50-10.jpg": 62,
    "images/avatar-50-90-10-10.jpg": 89,
    "images/avatar-50-10-90-90.jpg": 13,
    "images/avatar-50-50-50-50.jpg": 19,
    "images/avatar-50-10-10-50.jpg": 26,
    "images/avatar-10-90-10-90.jpg": 18,
    "images/avatar-90-10-90-50.jpg": 16,
    "images/avatar-90-90-50-50.jpg": 10,
    "images/avatar-50-90-50-10.jpg": 66,
    "images/avatar-90-10-50-50.jpg": 21,
    "images/avatar-90-50-10-10.jpg": 68,
    "images/avatar-90-10-10-10.jpg": 57,
    "images/avatar-10-90-90-10.jpg": 80,
    "images/avatar-50-90-50-90.jpg": 26,
    "images/avatar-90-90-50-10.jpg": 65,
    "images/avatar-10-90-50-90.jpg": 21,
    "images/avatar-90-50-90-10.jpg": 65,
    "images/avatar-90-90-10-10.jpg": 63,
    "images/avatar-50-10-90-50.jpg": 19,
    "images/avatar-10-10-50-50.jpg": 13,
    "images/avatar-10-50-50-90.jpg": 20,
    "images/avatar-90-50-90-50.jpg": 14,
    "images/avatar-50-50-50-10.jpg": 60,
    "images/avatar-90-90-10-90.jpg": 20,
    "images/avatar-50-10-90-10.jpg": 66,
    "images/avatar-10-50-10-90.jpg": 16,
    "images/avatar-90-10-90-10.jpg": 63,
    "images/avatar-90-50-50-50.jpg": 21,
    "images/avatar-50-10-50-50.jpg": 25,
    "images/avatar-50-90-90-10.jpg": 79,
    "images/avatar-10-90-10-10.jpg": 92,
    "images/avatar-50-50-10-10.jpg": 85,
    "images/avatar-10-90-90-90.jpg": 27,
    "images/avatar-90-50-10-50.jpg": 16,
    "images/avatar-10-10-90-90.jpg": 10,
    "images/avatar-50-90-90-90.jpg": 16,
    "images/avatar-50-90-50-50.jpg": 22,
    "images/avatar-50-50-10-50.jpg": 18,
    "images/avatar-50-50-10-90.jpg": 23,
    "images/avatar-90-50-10-90.jpg": 26,
    "images/avatar-10-10-10-90.jpg": 17,
    "images/avatar-90-10-50-90.jpg": 17,
    "images/avatar-10-50-90-50.jpg": 29,
    "images/avatar-50-50-90-90.jpg": 12,
    "images/avatar-90-90-50-90.jpg": 21,
    "images/avatar-10-50-90-10.jpg": 66,
    "images/avatar-50-10-10-90.jpg": 11,
    "images/avatar-90-50-90-90.jpg": 14,
    "images/avatar-10-90-50-50.jpg": 16,
    "images/avatar-50-10-50-90.jpg": 23,
    "images/avatar-10-50-50-10.jpg": 69,
    "images/avatar-50-10-10-10.jpg": 56,
    "images/avatar-90-90-90-10.jpg": 91,
    "images/avatar-10-10-10-10.jpg": 66,
    "images/avatar-90-90-90-90.jpg": 22,
    "images/avatar-90-90-10-50.jpg": 17,
    "images/avatar-10-50-90-90.jpg": 16,
    "images/avatar-50-50-50-90.jpg": 22,
    "images/avatar-90-10-50-10.jpg": 77,
    "images/avatar-90-90-90-50.jpg": 15,
    "images/avatar-10-10-90-10.jpg": 79,
    "images/avatar-10-90-50-10.jpg": 76,
    "images/avatar-10-50-50-50.jpg": 15,
    "images/avatar-90-10-10-90.jpg": 28,
    "images/avatar-50-90-10-50.jpg": 19,
    "images/avatar-10-10-50-10.jpg": 62,
    "images/avatar-50-10-50-10.jpg": 66,
    "images/avatar-10-10-10-50.jpg": 18,
    "images/avatar-50-50-90-10.jpg": 57,
    "images/avatar-90-10-10-50.jpg": 13,
    "images/avatar-10-90-10-50.jpg": 24,
    "images/avatar-10-90-90-50.jpg": 36,
    "images/avatar-10-10-90-50.jpg": 39
}