{
    "images/avatar-90-50-50-10.jpg": 18,
    "images/avatar-50-90-10-10.jpg": 27,
    "images/avatar-50-10-90-90.jpg": 14,
    "images/avatar-50-50-50-50.jpg": 89,
    "images/avatar-50-10-10-50.jpg": 49,
    "images/avatar-10-90-10-90.jpg": 24,
    "images/avatar-90-10-90-50.jpg": 43,
    "images/avatar-90-90-50-50.jpg": 53,
    "images/avatar-50-90-50-10.jpg": 38,
    "images/avatar-90-10-50-50.jpg": 39,
    "images/avatar-90-50-10-10.jpg": 40,
    "images/avatar-90-10-10-10.jpg": 25,
    "images/avatar-10-90-90-10.jpg": 32,
    "images/avatar-50-90-50-90.jpg": 25,
    "images/avatar-90-90-50-10.jpg": 50,
    "images/avatar-10-90-50-90.jpg": 21,
    "images/avatar-90-50-90-10.jpg": 14,
    "images/avatar-90-90-10-10.jpg": 30,
    "images/avatar-50-10-90-50.jpg": 36,
    "images/avatar-10-10-50-50.jpg": 65,
    "images/avatar-10-50-50-90.jpg": 51,
    "images/avatar-90-50-90-50.jpg": 83,
    "images/avatar-50-50-50-10.jpg": 39,
    "images/avatar-90-90-10-90.jpg": 17,
    "images/avatar-50-10-90-10.jpg": 1,
    "images/avatar-10-50-10-90.jpg": 19,
    "images/avatar-90-10-90-10.jpg": 1,
    "images/avatar-90-50-50-50.jpg": 83,
    "images/avatar-50-10-50-50.jpg": 100,
    "images/avatar-50-90-90-10.jpg": 10,
    "images/avatar-10-90-10-10.jpg": 14,
    "images/avatar-50-50-10-10.jpg": 27,
    "images/avatar-10-90-90-90.jpg": 35,
    "images/avatar-90-50-10-50.jpg": 63,
    "images/avatar-10-10-90-90.jpg": 30,
    "images/avatar-50-90-90-90.jpg": 24,
    "images/avatar-50-90-50-50.jpg": 65,
    "images/avatar-50-50-10-50.jpg": 76,
    "images/avatar-50-50-10-90.jpg": 17,
    "images/avatar-90-50-10-90.jpg": 33,
    "images/avatar-10-10-10-90.jpg": 34,
    "images/avatar-90-10-50-90.jpg": 23,
    "images/avatar-10-50-90-50.jpg": 77,
    "images/avatar-50-50-90-90.jpg": 41,
    "images/avatar-90-90-50-90.jpg": 67,
    "images/avatar-10-50-90-10.jpg": 29,
    "images/avatar-50-10-10-90.jpg": 34,
    "images/avatar-90-50-90-90.jpg": 20,
    "images/avatar-10-90-50-50.jpg": 88,
    "images/avatar-50-10-50-90.jpg": 11,
    "images/avatar-10-50-50-10.jpg": 10,
    "images/avatar-50-10-10-10.jpg": 16,
    "images/avatar-90-90-90-10.jpg": 38,
    "images/avatar-10-10-10-10.jpg": 1,
    "images/avatar-90-90-90-90.jpg": 21,
    "images/avatar-90-90-10-50.jpg": 84,
    "images/avatar-10-50-90-90.jpg": 32,
    "images/avatar-50-50-50-90.jpg": 25,
    "images/avatar-90-10-50-10.jpg": 21,
    "images/avatar-90-90-90-50.jpg": 80,
    "images/avatar-10-10-90-10.jpg": 16,
    "images/avatar-10-90-50-10.jpg": 45,
    "images/avatar-10-50-50-50.jpg": 84,
    "images/avatar-90-10-10-90.jpg": 14,
    "images/avatar-50-90-10-50.jpg": 100,
    "images/avatar-10-10-50-10.jpg": 11,
    "images/avatar-50-10-50-10.jpg": 1,
    "images/avatar-10-10-10-50.jpg": 91,
    "images/avatar-50-50-90-10.jpg": 22,
    "images/avatar-90-10-10-50.jpg": 87,
    "images/avatar-10-90-10-50.jpg": 68,
    "images/avatar-10-90-90-50.jpg": 87,
    "images/avatar-10-10-90-50.jpg": 66
}