{
    "images/avatar-90-50-50-10.jpg": 40,
    "images/avatar-50-90-10-10.jpg": 59,
    "images/avatar-50-10-90-90.jpg": 37,
    "images/avatar-50-50-50-50.jpg": 91,
    "images/avatar-50-10-10-50.jpg": 94,
    "images/avatar-10-90-10-90.jpg": 65,
    "images/avatar-90-10-90-50.jpg": 93,
    "images/avatar-90-90-50-50.jpg": 74,
    "images/avatar-50-90-50-10.jpg": 21,
    "images/avatar-90-10-50-50.jpg": 64,
    "images/avatar-90-50-10-10.jpg": 33,
    "images/avatar-90-10-10-10.jpg": 31,
    "images/avatar-10-90-90-10.jpg": 17,
    "images/avatar-50-90-50-90.jpg": 50,
    "images/avatar-90-90-50-10.jpg": 64,
    "images/avatar-10-90-50-90.jpg": 40,
    "images/avatar-90-50-90-10.jpg": 73,
    "images/avatar-90-90-10-10.jpg": 43,
    "images/avatar-50-10-90-50.jpg": 89,
    "images/avatar-10-10-50-50.jpg": 80,
    "images/avatar-10-50-50-90.jpg": 52,
    "images/avatar-90-50-90-50.jpg": 82,
    "images/avatar-50-50-50-10.jpg": 64,
    "images/avatar-90-90-10-90.jpg": 12,
    "images/avatar-50-10-90-10.jpg": 57,
    "images/avatar-10-50-10-90.jpg": 20,
    "images/avatar-90-10-90-10.jpg": 78,
    "images/avatar-90-50-50-50.jpg": 66,
    "images/avatar-50-10-50-50.jpg": 72,
    "images/avatar-50-90-90-10.jpg": 58,
    "images/avatar-10-90-10-10.jpg": 67,
    "images/avatar-50-50-10-10.jpg": 65,
    "images/avatar-10-90-90-90.jpg": 46,
    "images/avatar-90-50-10-50.jpg": 62,
    "images/avatar-10-10-90-90.jpg": 61,
    "images/avatar-50-90-90-90.jpg": 44,
    "images/avatar-50-90-50-50.jpg": 76,
    "images/avatar-50-50-10-50.jpg": 95,
    "images/avatar-50-50-10-90.jpg": 68,
    "images/avatar-90-50-10-90.jpg": 51,
    "images/avatar-10-10-10-90.jpg": 25,
    "images/avatar-90-10-50-90.jpg": 46,
    "images/avatar-10-50-90-50.jpg": 81,
    "images/avatar-50-50-90-90.jpg": 54,
    "images/avatar-90-90-50-90.jpg": 49,
    "images/avatar-10-50-90-10.jpg": 46,
    "images/avatar-50-10-10-90.jpg": 40,
    "images/avatar-90-50-90-90.jpg": 36,
    "images/avatar-10-90-50-50.jpg": 100,
    "images/avatar-50-10-50-90.jpg": 18,
    "images/avatar-10-50-50-10.jpg": 29,
    "images/avatar-50-10-10-10.jpg": 69,
    "images/avatar-90-90-90-10.jpg": 76,
    "images/avatar-10-10-10-10.jpg": 75,
    "images/avatar-90-90-90-90.jpg": 54,
    "images/avatar-90-90-10-50.jpg": 60,
    "images/avatar-10-50-90-90.jpg": 48,
    "images/avatar-50-50-50-90.jpg": 47,
    "images/avatar-90-10-50-10.jpg": 69,
    "images/avatar-90-90-90-50.jpg": 85,
    "images/avatar-10-10-90-10.jpg": 78,
    "images/avatar-10-90-50-10.jpg": 62,
    "images/avatar-10-50-50-50.jpg": 89,
    "images/avatar-90-10-10-90.jpg": 39,
    "images/avatar-50-90-10-50.jpg": 86,
    "images/avatar-10-10-50-10.jpg": 61,
    "images/avatar-50-10-50-10.jpg": 72,
    "images/avatar-10-10-10-50.jpg": 81,
    "images/avatar-50-50-90-10.jpg": 73,
    "images/avatar-90-10-10-50.jpg": 98,
    "images/avatar-10-90-10-50.jpg": 80,
    "images/avatar-10-90-90-50.jpg": 81,
    "images/avatar-10-10-90-50.jpg": 92
}