{
    "images/avatar-90-50-50-10.jpg": 39,
    "images/avatar-50-90-10-10.jpg": 65,
    "images/avatar-50-10-90-90.jpg": 24,
    "images/avatar-50-50-50-50.jpg": 75,
    "images/avatar-50-10-10-50.jpg": 47,
    "images/avatar-10-90-10-90.jpg": 47,
    "images/avatar-90-10-90-50.jpg": 39,
    "images/avatar-90-90-50-50.jpg": 48,
    "images/avatar-50-90-50-10.jpg": 33,
    "images/avatar-90-10-50-50.jpg": 59,
    "images/avatar-90-50-10-10.jpg": 27,
    "images/avatar-90-10-10-10.jpg": 42,
    "images/avatar-10-90-90-10.jpg": 39,
    "images/avatar-50-90-50-90.jpg": 80,
    "images/avatar-90-90-50-10.jpg": 63,
    "images/avatar-10-90-50-90.jpg": 62,
    "images/avatar-90-50-90-10.jpg": 77,
    "images/avatar-90-90-10-10.jpg": 65,
    "images/avatar-50-10-90-50.jpg": 58,
    "images/avatar-10-10-50-50.jpg": 71,
    "images/avatar-10-50-50-90.jpg": 53,
    "images/avatar-90-50-90-50.jpg": 45,
    "images/avatar-50-50-50-10.jpg": 40,
    "images/avatar-90-90-10-90.jpg": 29,
    "images/avatar-50-10-90-10.jpg": 37,
    "images/avatar-10-50-10-90.jpg": 100,
    "images/avatar-90-10-90-10.jpg": 79,
    "images/avatar-90-50-50-50.jpg": 52,
    "images/avatar-50-10-50-50.jpg": 77,
    "images/avatar-50-90-90-10.jpg": 63,
    "images/avatar-10-90-10-10.jpg": 62,
    "images/avatar-50-50-10-10.jpg": 65,
    "images/avatar-10-90-90-90.jpg": 53,
    "images/avatar-90-50-10-50.jpg": 87,
    "images/avatar-10-10-90-90.jpg": 68,
    "images/avatar-50-90-90-90.jpg": 97,
    "images/avatar-50-90-50-50.jpg": 54,
    "images/avatar-50-50-10-50.jpg": 63,
    "images/avatar-50-50-10-90.jpg": 69,
    "images/avatar-90-50-10-90.jpg": 57,
    "images/avatar-10-10-10-90.jpg": 63,
    "images/avatar-90-10-50-90.jpg": 80,
    "images/avatar-10-50-90-50.jpg": 69,
    "images/avatar-50-50-90-90.jpg": 100,
    "images/avatar-90-90-50-90.jpg": 86,
    "images/avatar-10-50-90-10.jpg": 89,
    "images/avatar-50-10-10-90.jpg": 86,
    "images/avatar-90-50-90-90.jpg": 68,
    "images/avatar-10-90-50-50.jpg": 75,
    "images/avatar-50-10-50-90.jpg": 92,
    "images/avatar-10-50-50-10.jpg": 55,
    "images/avatar-50-10-10-10.jpg": 87,
    "images/avatar-90-90-90-10.jpg": 97,
    "images/avatar-10-10-10-10.jpg": 100,
    "images/avatar-90-90-90-90.jpg": 84,
    "images/avatar-90-90-10-50.jpg": 97,
    "images/avatar-10-50-90-90.jpg": 100,
    "images/avatar-50-50-50-90.jpg": 100,
    "images/avatar-90-10-50-10.jpg": 82,
    "images/avatar-90-90-90-50.jpg": 99,
    "images/avatar-10-10-90-10.jpg": 80,
    "images/avatar-10-90-50-10.jpg": 93,
    "images/avatar-10-50-50-50.jpg": 91,
    "images/avatar-90-10-10-90.jpg": 89,
    "images/avatar-50-90-10-50.jpg": 79,
    "images/avatar-10-10-50-10.jpg": 96,
    "images/avatar-50-10-50-10.jpg": 100,
    "images/avatar-10-10-10-50.jpg": 100,
    "images/avatar-50-50-90-10.jpg": 81,
    "images/avatar-90-10-10-50.jpg": 88,
    "images/avatar-10-90-10-50.jpg": 77,
    "images/avatar-10-90-90-50.jpg": 77,
    "images/avatar-10-10-90-50.jpg": 72
}