{
    "images/avatar-90-50-50-10.jpg": 2,
    "images/avatar-50-90-10-10.jpg": 2,
    "images/avatar-50-10-90-90.jpg": 3,
    "images/avatar-50-50-50-50.jpg": 45,
    "images/avatar-50-10-10-50.jpg": 2,
    "images/avatar-10-90-10-90.jpg": 3,
    "images/avatar-90-10-90-50.jpg": 2,
    "images/avatar-90-90-50-50.jpg": 19,
    "images/avatar-50-90-50-10.jpg": 2,
    "images/avatar-90-10-50-50.jpg": 4,
    "images/avatar-90-50-10-10.jpg": 20,
    "images/avatar-90-10-10-10.jpg": 41,
    "images/avatar-10-90-90-10.jpg": 87,
    "images/avatar-50-90-50-90.jpg": 54,
    "images/avatar-90-90-50-10.jpg": 87,
    "images/avatar-10-90-50-90.jpg": 100,
    "images/avatar-90-50-90-10.jpg": 52,
    "images/avatar-90-90-10-10.jpg": 77,
    "images/avatar-50-10-90-50.jpg": 66,
    "images/avatar-10-10-50-50.jpg": 84,
    "images/avatar-10-50-50-90.jpg": 81,
    "images/avatar-90-50-90-50.jpg": 71,
    "images/avatar-50-50-50-10.jpg": 85,
    "images/avatar-90-90-10-90.jpg": 77,
    "images/avatar-50-10-90-10.jpg": 76,
    "images/avatar-10-50-10-90.jpg": 77,
    "images/avatar-90-10-90-10.jpg": 63,
    "images/avatar-90-50-50-50.jpg": 56,
    "images/avatar-50-10-50-50.jpg": 51,
    "images/avatar-50-90-90-10.jpg": 65,
    "images/avatar-10-90-10-10.jpg": 89,
    "images/avatar-50-50-10-10.jpg": 52,
    "images/avatar-10-90-90-90.jpg": 61,
    "images/avatar-90-50-10-50.jpg": 37,
    "images/avatar-10-10-90-90.jpg": 55,
    "images/avatar-50-90-90-90.jpg": 52,
    "images/avatar-50-90-50-50.jpg": 49,
    "images/avatar-50-50-10-50.jpg": 65,
    "images/avatar-50-50-10-90.jpg": 38,
    "images/avatar-90-50-10-90.jpg": 49,
    "images/avatar-10-10-10-90.jpg": 61,
    "images/avatar-90-10-50-90.jpg": 46,
    "images/avatar-10-50-90-50.jpg": 66,
    "images/avatar-50-50-90-90.jpg": 56,
    "images/avatar-90-90-50-90.jpg": 55,
    "images/avatar-10-50-90-10.jpg": 65,
    "images/avatar-50-10-10-90.jpg": 78,
    "images/avatar-90-50-90-90.jpg": 72,
    "images/avatar-10-90-50-50.jpg": 72,
    "images/avatar-50-10-50-90.jpg": 74,
    "images/avatar-10-50-50-10.jpg": 73,
    "images/avatar-50-10-10-10.jpg": 51,
    "images/avatar-90-90-90-10.jpg": 65,
    "images/avatar-10-10-10-10.jpg": 58,
    "images/avatar-90-90-90-90.jpg": 46,
    "images/avatar-90-90-10-50.jpg": 79,
    "images/avatar-10-50-90-90.jpg": 60,
    "images/avatar-50-50-50-90.jpg": 58,
    "images/avatar-90-10-50-10.jpg": 49,
    "images/avatar-90-90-90-50.jpg": 69,
    "images/avatar-10-10-90-10.jpg": 46,
    "images/avatar-10-90-50-10.jpg": 66,
    "images/avatar-10-50-50-50.jpg": 66,
    "images/avatar-90-10-10-90.jpg": 73,
    "images/avatar-50-90-10-50.jpg": 57,
    "images/avatar-10-10-50-10.jpg": 57,
    "images/avatar-50-10-50-10.jpg": 51,
    "images/avatar-10-10-10-50.jpg": 43,
    "images/avatar-50-50-90-10.jpg": 54,
    "images/avatar-90-10-10-50.jpg": 54,
    "images/avatar-10-90-10-50.jpg": 57,
    "images/avatar-10-90-90-50.jpg": 73,
    "images/avatar-10-10-90-50.jpg": 50
}