{
    "images/avatar-90-50-50-10.jpg": 38,
    "images/avatar-50-90-10-10.jpg": 44,
    "images/avatar-50-10-90-90.jpg": 62,
    "images/avatar-50-50-50-50.jpg": 82,
    "images/avatar-50-10-10-50.jpg": 87,
    "images/avatar-10-90-10-90.jpg": 80,
    "images/avatar-90-10-90-50.jpg": 43,
    "images/avatar-90-90-50-50.jpg": 81,
    "images/avatar-50-90-50-10.jpg": 30,
    "images/avatar-90-10-50-50.jpg": 81,
    "images/avatar-90-50-10-10.jpg": 40,
    "images/avatar-90-10-10-10.jpg": 47,
    "images/avatar-10-90-90-10.jpg": 49,
    "images/avatar-50-90-50-90.jpg": 84,
    "images/avatar-90-90-50-10.jpg": 42,
    "images/avatar-10-90-50-90.jpg": 90,
    "images/avatar-90-50-90-10.jpg": 28,
    "images/avatar-90-90-10-10.jpg": 35,
    "images/avatar-50-10-90-50.jpg": 80,
    "images/avatar-10-10-50-50.jpg": 87,
    "images/avatar-10-50-50-90.jpg": 88,
    "images/avatar-90-50-90-50.jpg": 88,
    "images/avatar-50-50-50-10.jpg": 40,
    "images/avatar-90-90-10-90.jpg": 82,
    "images/avatar-50-10-90-10.jpg": 40,
    "images/avatar-10-50-10-90.jpg": 60,
    "images/avatar-90-10-90-10.jpg": 33,
    "images/avatar-90-50-50-50.jpg": 82,
    "images/avatar-50-10-50-50.jpg": 78,
    "images/avatar-50-90-90-10.jpg": 33,
    "images/avatar-10-90-10-10.jpg": 35,
    "images/avatar-50-50-10-10.jpg": 37,
    "images/avatar-10-90-90-90.jpg": 59,
    "images/avatar-90-50-10-50.jpg": 64,
    "images/avatar-10-10-90-90.jpg": 41,
    "images/avatar-50-90-90-90.jpg": 34,
    "images/avatar-50-90-50-50.jpg": 82,
    "images/avatar-50-50-10-50.jpg": 80,
    "images/avatar-50-50-10-90.jpg": 45,
    "images/avatar-90-50-10-90.jpg": 42,
    "images/avatar-10-10-10-90.jpg": 58,
    "images/avatar-90-10-50-90.jpg": 47,
    "images/avatar-10-50-90-50.jpg": 85,
    "images/avatar-50-50-90-90.jpg": 41,
    "images/avatar-90-90-50-90.jpg": 39,
    "images/avatar-10-50-90-10.jpg": 26,
    "images/avatar-50-10-10-90.jpg": 70,
    "images/avatar-90-50-90-90.jpg": 74,
    "images/avatar-10-90-50-50.jpg": 93,
    "images/avatar-50-10-50-90.jpg": 56,
    "images/avatar-10-50-50-10.jpg": 35,
    "images/avatar-50-10-10-10.jpg": 28,
    "images/avatar-90-90-90-10.jpg": 41,
    "images/avatar-10-10-10-10.jpg": 35,
    "images/avatar-90-90-90-90.jpg": 33,
    "images/avatar-90-90-10-50.jpg": 87,
    "images/avatar-10-50-90-90.jpg": 46,
    "images/avatar-50-50-50-90.jpg": 41,
    "images/avatar-90-10-50-10.jpg": 21,
    "images/avatar-90-90-90-50.jpg": 84,
    "images/avatar-10-10-90-10.jpg": 47,
    "images/avatar-10-90-50-10.jpg": 41,
    "images/avatar-10-50-50-50.jpg": 93,
    "images/avatar-90-10-10-90.jpg": 54,
    "images/avatar-50-90-10-50.jpg": 88,
    "images/avatar-10-10-50-10.jpg": 25,
    "images/avatar-50-10-50-10.jpg": 21,
    "images/avatar-10-10-10-50.jpg": 82,
    "images/avatar-50-50-90-10.jpg": 28,
    "images/avatar-90-10-10-50.jpg": 82,
    "images/avatar-10-90-10-50.jpg": 91,
    "images/avatar-10-90-90-50.jpg": 87,
    "images/avatar-10-10-90-50.jpg": 79
}