{
    "images/avatar-90-50-50-10.jpg": 60,
    "images/avatar-50-90-10-10.jpg": 78,
    "images/avatar-50-10-90-90.jpg": 42,
    "images/avatar-50-50-50-50.jpg": 75,
    "images/avatar-50-10-10-50.jpg": 55,
    "images/avatar-10-90-10-90.jpg": 77,
    "images/avatar-90-10-90-50.jpg": 49,
    "images/avatar-90-90-50-50.jpg": 100,
    "images/avatar-50-90-50-10.jpg": 100,
    "images/avatar-90-10-50-50.jpg": 53,
    "images/avatar-90-50-10-10.jpg": 88,
    "images/avatar-90-10-10-10.jpg": 57,
    "images/avatar-10-90-90-10.jpg": 68,
    "images/avatar-50-90-50-90.jpg": 100,
    "images/avatar-90-90-50-10.jpg": 79,
    "images/avatar-10-90-50-90.jpg": 78,
    "images/avatar-90-50-90-10.jpg": 57,
    "images/avatar-90-90-10-10.jpg": 100,
    "images/avatar-50-10-90-50.jpg": 100,
    "images/avatar-10-10-50-50.jpg": 100,
    "images/avatar-10-50-50-90.jpg": 55,
    "images/avatar-90-50-90-50.jpg": 100,
    "images/avatar-50-50-50-10.jpg": 98,
    "images/avatar-90-90-10-90.jpg": 45,
    "images/avatar-50-10-90-10.jpg": 100,
    "images/avatar-10-50-10-90.jpg": 58,
    "images/avatar-90-10-90-10.jpg": 68,
    "images/avatar-90-50-50-50.jpg": 100,
    "images/avatar-50-10-50-50.jpg": 100,
    "images/avatar-50-90-90-10.jpg": 53,
    "images/avatar-10-90-10-10.jpg": 91,
    "images/avatar-50-50-10-10.jpg": 73,
    "images/avatar-10-90-90-90.jpg": 85,
    "images/avatar-90-50-10-50.jpg": 100,
    "images/avatar-10-10-90-90.jpg": 32,
    "images/avatar-50-90-90-90.jpg": 68,
    "images/avatar-50-90-50-50.jpg": 94,
    "images/avatar-50-50-10-50.jpg": 100,
    "images/avatar-50-50-10-90.jpg": 54,
    "images/avatar-90-50-10-90.jpg": 53,
    "images/avatar-10-10-10-90.jpg": 100,
    "images/avatar-90-10-50-90.jpg": 73,
    "images/avatar-10-50-90-50.jpg": 100,
    "images/avatar-50-50-90-90.jpg": 100,
    "images/avatar-90-90-50-90.jpg": 100,
    "images/avatar-10-50-90-10.jpg": 48,
    "images/avatar-50-10-10-90.jpg": 100,
    "images/avatar-90-50-90-90.jpg": 98,
    "images/avatar-10-90-50-50.jpg": 82,
    "images/avatar-50-10-50-90.jpg": 64,
    "images/avatar-10-50-50-10.jpg": 100,
    "images/avatar-50-10-10-10.jpg": 35,
    "images/avatar-90-90-90-10.jpg": 100,
    "images/avatar-10-10-10-10.jpg": 50,
    "images/avatar-90-90-90-90.jpg": 100,
    "images/avatar-90-90-10-50.jpg": 100,
    "images/avatar-10-50-90-90.jpg": 57,
    "images/avatar-50-50-50-90.jpg": 100,
    "images/avatar-90-10-50-10.jpg": 60,
    "images/avatar-90-90-90-50.jpg": 100,
    "images/avatar-10-10-90-10.jpg": 41,
    "images/avatar-10-90-50-10.jpg": 100,
    "images/avatar-10-50-50-50.jpg": 62,
    "images/avatar-90-10-10-90.jpg": 52,
    "images/avatar-50-90-10-50.jpg": 100,
    "images/avatar-10-10-50-10.jpg": 34,
    "images/avatar-50-10-50-10.jpg": 100,
    "images/avatar-10-10-10-50.jpg": 100,
    "images/avatar-50-50-90-10.jpg": 46,
    "images/avatar-90-10-10-50.jpg": 54,
    "images/avatar-10-90-10-50.jpg": 86,
    "images/avatar-10-90-90-50.jpg": 100,
    "images/avatar-10-10-90-50.jpg": 100
}