{
    "images/avatar-90-50-50-10.jpg": 31,
    "images/avatar-50-90-10-10.jpg": 11,
    "images/avatar-50-10-90-90.jpg": 31,
    "images/avatar-50-50-50-50.jpg": 28,
    "images/avatar-50-10-10-50.jpg": 38,
    "images/avatar-10-90-10-90.jpg": 47,
    "images/avatar-90-10-90-50.jpg": 50,
    "images/avatar-90-90-50-50.jpg": 36,
    "images/avatar-50-90-50-10.jpg": 43,
    "images/avatar-90-10-50-50.jpg": 29,
    "images/avatar-90-50-10-10.jpg": 17,
    "images/avatar-90-10-10-10.jpg": 21,
    "images/avatar-10-90-90-10.jpg": 30,
    "images/avatar-50-90-50-90.jpg": 43,
    "images/avatar-90-90-50-10.jpg": 23,
    "images/avatar-10-90-50-90.jpg": 30,
    "images/avatar-90-50-90-10.jpg": 18,
    "images/avatar-90-90-10-10.jpg": 29,
    "images/avatar-50-10-90-50.jpg": 24,
    "images/avatar-10-10-50-50.jpg": 26,
    "images/avatar-10-50-50-90.jpg": 29,
    "images/avatar-90-50-90-50.jpg": 31,
    "images/avatar-50-50-50-10.jpg": 26,
    "images/avatar-90-90-10-90.jpg": 43,
    "images/avatar-50-10-90-10.jpg": 40,
    "images/avatar-10-50-10-90.jpg": 31,
    "images/avatar-90-10-90-10.jpg": 44,
    "images/avatar-90-50-50-50.jpg": 25,
    "images/avatar-50-10-50-50.jpg": 31,
    "images/avatar-50-90-90-10.jpg": 36,
    "images/avatar-10-90-10-10.jpg": 28,
    "images/avatar-50-50-10-10.jpg": 29,
    "images/avatar-10-90-90-90.jpg": 19,
    "images/avatar-90-50-10-50.jpg": 21,
    "images/avatar-10-10-90-90.jpg": 31,
    "images/avatar-50-90-90-90.jpg": 34,
    "images/avatar-50-90-50-50.jpg": 31,
    "images/avatar-50-50-10-50.jpg": 29,
    "images/avatar-50-50-10-90.jpg": 24,
    "images/avatar-90-50-10-90.jpg": 23,
    "images/avatar-10-10-10-90.jpg": 26,
    "images/avatar-90-10-50-90.jpg": 45,
    "images/avatar-10-50-90-50.jpg": 29,
    "images/avatar-50-50-90-90.jpg": 38,
    "images/avatar-90-90-50-90.jpg": 49,
    "images/avatar-10-50-90-10.jpg": 32,
    "images/avatar-50-10-10-90.jpg": 26,
    "images/avatar-90-50-90-90.jpg": 25,
    "images/avatar-10-90-50-50.jpg": 27,
    "images/avatar-50-10-50-90.jpg": 32,
    "images/avatar-10-50-50-10.jpg": 27,
    "images/avatar-50-10-10-10.jpg": 48,
    "images/avatar-90-90-90-10.jpg": 22,
    "images/avatar-10-10-10-10.jpg": 54,
    "images/avatar-90-90-90-90.jpg": 34,
    "images/avatar-90-90-10-50.jpg": 49,
    "images/avatar-10-50-90-90.jpg": 67,
    "images/avatar-50-50-50-90.jpg": 32,
    "images/avatar-90-10-50-10.jpg": 42,
    "images/avatar-90-90-90-50.jpg": 24,
    "images/avatar-10-10-90-10.jpg": 52,
    "images/avatar-10-90-50-10.jpg": 38,
    "images/avatar-10-50-50-50.jpg": 56,
    "images/avatar-90-10-10-90.jpg": 32,
    "images/avatar-50-90-10-50.jpg": 35,
    "images/avatar-10-10-50-10.jpg": 48,
    "images/avatar-50-10-50-10.jpg": 20,
    "images/avatar-10-10-10-50.jpg": 37,
    "images/avatar-50-50-90-10.jpg": 38,
    "images/avatar-90-10-10-50.jpg": 31,
    "images/avatar-10-90-10-50.jpg": 34,
    "images/avatar-10-90-90-50.jpg": 26,
    "images/avatar-10-10-90-50.jpg": 23
}