{
    "images/avatar-90-50-50-10.jpg": 94,
    "images/avatar-50-90-10-10.jpg": 93,
    "images/avatar-50-10-90-90.jpg": 1,
    "images/avatar-50-50-50-50.jpg": 1,
    "images/avatar-50-10-10-50.jpg": 93,
    "images/avatar-10-90-10-90.jpg": 93,
    "images/avatar-90-10-90-50.jpg": 93,
    "images/avatar-90-90-50-50.jpg": 1,
    "images/avatar-50-90-50-10.jpg": 93,
    "images/avatar-90-10-50-50.jpg": 93,
    "images/avatar-90-50-10-10.jpg": 93,
    "images/avatar-90-10-10-10.jpg": 1,
    "images/avatar-10-90-90-10.jpg": 93,
    "images/avatar-50-90-50-90.jpg": 93,
    "images/avatar-90-90-50-10.jpg": 93,
    "images/avatar-10-90-50-90.jpg": 93,
    "images/avatar-90-50-90-10.jpg": 93,
    "images/avatar-90-90-10-10.jpg": 93,
    "images/avatar-50-10-90-50.jpg": 93,
    "images/avatar-10-10-50-50.jpg": 93,
    "images/avatar-10-50-50-90.jpg": 93,
    "images/avatar-90-50-90-50.jpg": 93,
    "images/avatar-50-50-50-10.jpg": 1,
    "images/avatar-90-90-10-90.jpg": 93,
    "images/avatar-50-10-90-10.jpg": 100,
    "images/avatar-10-50-10-90.jpg": 1,
    "images/avatar-90-10-90-10.jpg": 95,
    "images/avatar-90-50-50-50.jpg": 95,
    "images/avatar-50-10-50-50.jpg": 95,
    "images/avatar-50-90-90-10.jpg": 95,
    "images/avatar-10-90-10-10.jpg": 95,
    "images/avatar-50-50-10-10.jpg": 95,
    "images/avatar-10-90-90-90.jpg": 95,
    "images/avatar-90-50-10-50.jpg": 95,
    "images/avatar-10-10-90-90.jpg": 95,
    "images/avatar-50-90-90-90.jpg": 1,
    "images/avatar-50-90-50-50.jpg": 95,
    "images/avatar-50-50-10-50.jpg": 95,
    "images/avatar-50-50-10-90.jpg": 95,
    "images/avatar-90-50-10-90.jpg": 1,
    "images/avatar-10-10-10-90.jpg": 95,
    "images/avatar-90-10-50-90.jpg": 93,
    "images/avatar-10-50-90-50.jpg": 95,
    "images/avatar-50-50-90-90.jpg": 1,
    "images/avatar-90-90-50-90.jpg": 95,
    "images/avatar-10-50-90-10.jpg": 93,
    "images/avatar-50-10-10-90.jpg": 95,
    "images/avatar-90-50-90-90.jpg": 1,
    "images/avatar-10-90-50-50.jpg": 95,
    "images/avatar-50-10-50-90.jpg": 95,
    "images/avatar-10-50-50-10.jpg": 84,
    "images/avatar-50-10-10-10.jpg": 93,
    "images/avatar-90-90-90-10.jpg": 95,
    "images/avatar-10-10-10-10.jpg": 95,
    "images/avatar-90-90-90-90.jpg": 93,
    "images/avatar-90-90-10-50.jpg": 95,
    "images/avatar-10-50-90-90.jpg": 95,
    "images/avatar-50-50-50-90.jpg": 95,
    "images/avatar-90-10-50-10.jpg": 95,
    "images/avatar-90-90-90-50.jpg": 1,
    "images/avatar-10-10-90-10.jpg": 95,
    "images/avatar-10-90-50-10.jpg": 95,
    "images/avatar-10-50-50-50.jpg": 95,
    "images/avatar-90-10-10-90.jpg": 95,
    "images/avatar-50-90-10-50.jpg": 1,
    "images/avatar-10-10-50-10.jpg": 95,
    "images/avatar-50-10-50-10.jpg": 93,
    "images/avatar-10-10-10-50.jpg": 1,
    "images/avatar-50-50-90-10.jpg": 93,
    "images/avatar-90-10-10-50.jpg": 1,
    "images/avatar-10-90-10-50.jpg": 93,
    "images/avatar-10-90-90-50.jpg": 93,
    "images/avatar-10-10-90-50.jpg": 93
}