{
    "images/avatar-90-50-50-10.jpg": 43,
    "images/avatar-50-90-10-10.jpg": 53,
    "images/avatar-50-10-90-90.jpg": 53,
    "images/avatar-50-50-50-50.jpg": 38,
    "images/avatar-50-10-10-50.jpg": 36,
    "images/avatar-10-90-10-90.jpg": 46,
    "images/avatar-90-10-90-50.jpg": 52,
    "images/avatar-90-90-50-50.jpg": 57,
    "images/avatar-50-90-50-10.jpg": 36,
    "images/avatar-90-10-50-50.jpg": 53,
    "images/avatar-90-50-10-10.jpg": 57,
    "images/avatar-90-10-10-10.jpg": 40,
    "images/avatar-10-90-90-10.jpg": 52,
    "images/avatar-50-90-50-90.jpg": 3,
    "images/avatar-90-90-50-10.jpg": 44,
    "images/avatar-10-90-50-90.jpg": 48,
    "images/avatar-90-50-90-10.jpg": 3,
    "images/avatar-90-90-10-10.jpg": 47,
    "images/avatar-50-10-90-50.jpg": 48,
    "images/avatar-10-10-50-50.jpg": 81,
    "images/avatar-10-50-50-90.jpg": 90,
    "images/avatar-90-50-90-50.jpg": 100,
    "images/avatar-50-50-50-10.jpg": 38,
    "images/avatar-90-90-10-90.jpg": 48,
    "images/avatar-50-10-90-10.jpg": 55,
    "images/avatar-10-50-10-90.jpg": 44,
    "images/avatar-90-10-90-10.jpg": 55,
    "images/avatar-90-50-50-50.jpg": 57,
    "images/avatar-50-10-50-50.jpg": 51,
    "images/avatar-50-90-90-10.jpg": 53,
    "images/avatar-10-90-10-10.jpg": 37,
    "images/avatar-50-50-10-10.jpg": 56,
    "images/avatar-10-90-90-90.jpg": 53,
    "images/avatar-90-50-10-50.jpg": 53,
    "images/avatar-10-10-90-90.jpg": 46,
    "images/avatar-50-90-90-90.jpg": 58,
    "images/avatar-50-90-50-50.jpg": 66,
    "images/avatar-50-50-10-50.jpg": 51,
    "images/avatar-50-50-10-90.jpg": 46,
    "images/avatar-90-50-10-90.jpg": 62,
    "images/avatar-10-10-10-90.jpg": 40,
    "images/avatar-90-10-50-90.jpg": 48,
    "images/avatar-10-50-90-50.jpg": 54,
    "images/avatar-50-50-90-90.jpg": 65,
    "images/avatar-90-90-50-90.jpg": 44,
    "images/avatar-10-50-90-10.jpg": 3,
    "images/avatar-50-10-10-90.jpg": 41,
    "images/avatar-90-50-90-90.jpg": 52,
    "images/avatar-10-90-50-50.jpg": 50,
    "images/avatar-50-10-50-90.jpg": 48,
    "images/avatar-10-50-50-10.jpg": 45,
    "images/avatar-50-10-10-10.jpg": 75,
    "images/avatar-90-90-90-10.jpg": 49,
    "images/avatar-10-10-10-10.jpg": 59,
    "images/avatar-90-90-90-90.jpg": 37,
    "images/avatar-90-90-10-50.jpg": 49,
    "images/avatar-10-50-90-90.jpg": 43,
    "images/avatar-50-50-50-90.jpg": 51,
    "images/avatar-90-10-50-10.jpg": 50,
    "images/avatar-90-90-90-50.jpg": 65,
    "images/avatar-10-10-90-10.jpg": 53,
    "images/avatar-10-90-50-10.jpg": 65,
    "images/avatar-10-50-50-50.jpg": 2,
    "images/avatar-90-10-10-90.jpg": 3,
    "images/avatar-50-90-10-50.jpg": 2,
    "images/avatar-10-10-50-10.jpg": 2,
    "images/avatar-50-10-50-10.jpg": 3,
    "images/avatar-10-10-10-50.jpg": 3,
    "images/avatar-50-50-90-10.jpg": 3,
    "images/avatar-90-10-10-50.jpg": 3,
    "images/avatar-10-90-10-50.jpg": 1,
    "images/avatar-10-90-90-50.jpg": 2,
    "images/avatar-10-10-90-50.jpg": 65
}