{
    "images/avatar-90-50-50-10.jpg": 100,
    "images/avatar-50-90-10-10.jpg": 80,
    "images/avatar-50-10-90-90.jpg": 100,
    "images/avatar-50-50-50-50.jpg": 84,
    "images/avatar-50-10-10-50.jpg": 100,
    "images/avatar-10-90-10-90.jpg": 100,
    "images/avatar-90-10-90-50.jpg": 100,
    "images/avatar-90-90-50-50.jpg": 67,
    "images/avatar-50-90-50-10.jpg": 80,
    "images/avatar-90-10-50-50.jpg": 98,
    "images/avatar-90-50-10-10.jpg": 98,
    "images/avatar-90-10-10-10.jpg": 66,
    "images/avatar-10-90-90-10.jpg": 83,
    "images/avatar-50-90-50-90.jpg": 100,
    "images/avatar-90-90-50-10.jpg": 89,
    "images/avatar-10-90-50-90.jpg": 68,
    "images/avatar-90-50-90-10.jpg": 85,
    "images/avatar-90-90-10-10.jpg": 92,
    "images/avatar-50-10-90-50.jpg": 100,
    "images/avatar-10-10-50-50.jpg": 80,
    "images/avatar-10-50-50-90.jpg": 100,
    "images/avatar-90-50-90-50.jpg": 99,
    "images/avatar-50-50-50-10.jpg": 100,
    "images/avatar-90-90-10-90.jpg": 90,
    "images/avatar-50-10-90-10.jpg": 82,
    "images/avatar-10-50-10-90.jpg": 92,
    "images/avatar-90-10-90-10.jpg": 76,
    "images/avatar-90-50-50-50.jpg": 100,
    "images/avatar-50-10-50-50.jpg": 100,
    "images/avatar-50-90-90-10.jpg": 89,
    "images/avatar-10-90-10-10.jpg": 100,
    "images/avatar-50-50-10-10.jpg": 100,
    "images/avatar-10-90-90-90.jpg": 100,
    "images/avatar-90-50-10-50.jpg": 75,
    "images/avatar-10-10-90-90.jpg": 93,
    "images/avatar-50-90-90-90.jpg": 77,
    "images/avatar-50-90-50-50.jpg": 86,
    "images/avatar-50-50-10-50.jpg": 73,
    "images/avatar-50-50-10-90.jpg": 100,
    "images/avatar-90-50-10-90.jpg": 72,
    "images/avatar-10-10-10-90.jpg": 100,
    "images/avatar-90-10-50-90.jpg": 100,
    "images/avatar-10-50-90-50.jpg": 88,
    "images/avatar-50-50-90-90.jpg": 100,
    "images/avatar-90-90-50-90.jpg": 75,
    "images/avatar-10-50-90-10.jpg": 100,
    "images/avatar-50-10-10-90.jpg": 88,
    "images/avatar-90-50-90-90.jpg": 85,
    "images/avatar-10-90-50-50.jpg": 79,
    "images/avatar-50-10-50-90.jpg": 84,
    "images/avatar-10-50-50-10.jpg": 100,
    "images/avatar-50-10-10-10.jpg": 100,
    "images/avatar-90-90-90-10.jpg": 100,
    "images/avatar-10-10-10-10.jpg": 100,
    "images/avatar-90-90-90-90.jpg": 100,
    "images/avatar-90-90-10-50.jpg": 100,
    "images/avatar-10-50-90-90.jpg": 94,
    "images/avatar-50-50-50-90.jpg": 79,
    "images/avatar-90-10-50-10.jpg": 98,
    "images/avatar-90-90-90-50.jpg": 88,
    "images/avatar-10-10-90-10.jpg": 100,
    "images/avatar-10-90-50-10.jpg": 88,
    "images/avatar-10-50-50-50.jpg": 100,
    "images/avatar-90-10-10-90.jpg": 80,
    "images/avatar-50-90-10-50.jpg": 77,
    "images/avatar-10-10-50-10.jpg": 93,
    "images/avatar-50-10-50-10.jpg": 100,
    "images/avatar-10-10-10-50.jpg": 86,
    "images/avatar-50-50-90-10.jpg": 100,
    "images/avatar-90-10-10-50.jpg": 79,
    "images/avatar-10-90-10-50.jpg": 100,
    "images/avatar-10-90-90-50.jpg": 95,
    "images/avatar-10-10-90-50.jpg": 100
}