{
    "images/avatar-90-50-50-10.jpg": 66,
    "images/avatar-50-90-10-10.jpg": 86,
    "images/avatar-50-10-90-90.jpg": 19,
    "images/avatar-50-50-50-50.jpg": 77,
    "images/avatar-50-10-10-50.jpg": 62,
    "images/avatar-10-90-10-90.jpg": 47,
    "images/avatar-90-10-90-50.jpg": 73,
    "images/avatar-90-90-50-50.jpg": 77,
    "images/avatar-50-90-50-10.jpg": 82,
    "images/avatar-90-10-50-50.jpg": 80,
    "images/avatar-90-50-10-10.jpg": 75,
    "images/avatar-90-10-10-10.jpg": 44,
    "images/avatar-10-90-90-10.jpg": 65,
    "images/avatar-50-90-50-90.jpg": 37,
    "images/avatar-90-90-50-10.jpg": 69,
    "images/avatar-10-90-50-90.jpg": 59,
    "images/avatar-90-50-90-10.jpg": 51,
    "images/avatar-90-90-10-10.jpg": 83,
    "images/avatar-50-10-90-50.jpg": 84,
    "images/avatar-10-10-50-50.jpg": 55,
    "images/avatar-10-50-50-90.jpg": 36,
    "images/avatar-90-50-90-50.jpg": 71,
    "images/avatar-50-50-50-10.jpg": 71,
    "images/avatar-90-90-10-90.jpg": 80,
    "images/avatar-50-10-90-10.jpg": 66,
    "images/avatar-10-50-10-90.jpg": 47,
    "images/avatar-90-10-90-10.jpg": 69,
    "images/avatar-90-50-50-50.jpg": 69,
    "images/avatar-50-10-50-50.jpg": 41,
    "images/avatar-50-90-90-10.jpg": 84,
    "images/avatar-10-90-10-10.jpg": 71,
    "images/avatar-50-50-10-10.jpg": 54,
    "images/avatar-10-90-90-90.jpg": 27,
    "images/avatar-90-50-10-50.jpg": 82,
    "images/avatar-10-10-90-90.jpg": 52,
    "images/avatar-50-90-90-90.jpg": 39,
    "images/avatar-50-90-50-50.jpg": 69,
    "images/avatar-50-50-10-50.jpg": 77,
    "images/avatar-50-50-10-90.jpg": 51,
    "images/avatar-90-50-10-90.jpg": 18,
    "images/avatar-10-10-10-90.jpg": 8,
    "images/avatar-90-10-50-90.jpg": 4,
    "images/avatar-10-50-90-50.jpg": 69,
    "images/avatar-50-50-90-90.jpg": 67,
    "images/avatar-90-90-50-90.jpg": 78,
    "images/avatar-10-50-90-10.jpg": 82,
    "images/avatar-50-10-10-90.jpg": 57,
    "images/avatar-90-50-90-90.jpg": 79,
    "images/avatar-10-90-50-50.jpg": 87,
    "images/avatar-50-10-50-90.jpg": 29,
    "images/avatar-10-50-50-10.jpg": 68,
    "images/avatar-50-10-10-10.jpg": 43,
    "images/avatar-90-90-90-10.jpg": 85,
    "images/avatar-10-10-10-10.jpg": 52,
    "images/avatar-90-90-90-90.jpg": 46,
    "images/avatar-90-90-10-50.jpg": 73,
    "images/avatar-10-50-90-90.jpg": 30,
    "images/avatar-50-50-50-90.jpg": 44,
    "images/avatar-90-10-50-10.jpg": 45,
    "images/avatar-90-90-90-50.jpg": 81,
    "images/avatar-10-10-90-10.jpg": 43,
    "images/avatar-10-90-50-10.jpg": 82,
    "images/avatar-10-50-50-50.jpg": 75,
    "images/avatar-90-10-10-90.jpg": 5,
    "images/avatar-50-90-10-50.jpg": 80,
    "images/avatar-10-10-50-10.jpg": 35,
    "images/avatar-50-10-50-10.jpg": 1,
    "images/avatar-10-10-10-50.jpg": 30,
    "images/avatar-50-50-90-10.jpg": 31,
    "images/avatar-90-10-10-50.jpg": 60,
    "images/avatar-10-90-10-50.jpg": 56,
    "images/avatar-10-90-90-50.jpg": 70,
    "images/avatar-10-10-90-50.jpg": 72
}