{
    "images/avatar-90-50-50-10.jpg": 89,
    "images/avatar-50-90-10-10.jpg": 72,
    "images/avatar-50-10-90-90.jpg": 33,
    "images/avatar-50-50-50-50.jpg": 33,
    "images/avatar-50-10-10-50.jpg": 22,
    "images/avatar-10-90-10-90.jpg": 40,
    "images/avatar-90-10-90-50.jpg": 32,
    "images/avatar-90-90-50-50.jpg": 36,
    "images/avatar-50-90-50-10.jpg": 40,
    "images/avatar-90-10-50-50.jpg": 57,
    "images/avatar-90-50-10-10.jpg": 38,
    "images/avatar-90-10-10-10.jpg": 9,
    "images/avatar-10-90-90-10.jpg": 13,
    "images/avatar-50-90-50-90.jpg": 26,
    "images/avatar-90-90-50-10.jpg": 32,
    "images/avatar-10-90-50-90.jpg": 22,
    "images/avatar-90-50-90-10.jpg": 42,
    "images/avatar-90-90-10-10.jpg": 24,
    "images/avatar-50-10-90-50.jpg": 21,
    "images/avatar-10-10-50-50.jpg": 27,
    "images/avatar-10-50-50-90.jpg": 39,
    "images/avatar-90-50-90-50.jpg": 21,
    "images/avatar-50-50-50-10.jpg": 29,
    "images/avatar-90-90-10-90.jpg": 46,
    "images/avatar-50-10-90-10.jpg": 30,
    "images/avatar-10-50-10-90.jpg": 21,
    "images/avatar-90-10-90-10.jpg": 32,
    "images/avatar-90-50-50-50.jpg": 26,
    "images/avatar-50-10-50-50.jpg": 20,
    "images/avatar-50-90-90-10.jpg": 22,
    "images/avatar-10-90-10-10.jpg": 41,
    "images/avatar-50-50-10-10.jpg": 41,
    "images/avatar-10-90-90-90.jpg": 12,
    "images/avatar-90-50-10-50.jpg": 45,
    "images/avatar-10-10-90-90.jpg": 26,
    "images/avatar-50-90-90-90.jpg": 16,
    "images/avatar-50-90-50-50.jpg": 19,
    "images/avatar-50-50-10-50.jpg": 32,
    "images/avatar-50-50-10-90.jpg": 22,
    "images/avatar-90-50-10-90.jpg": 14,
    "images/avatar-10-10-10-90.jpg": 32,
    "images/avatar-90-10-50-90.jpg": 56,
    "images/avatar-10-50-90-50.jpg": 55,
    "images/avatar-50-50-90-90.jpg": 24,
    "images/avatar-90-90-50-90.jpg": 38,
    "images/avatar-10-50-90-10.jpg": 27,
    "images/avatar-50-10-10-90.jpg": 20,
    "images/avatar-90-50-90-90.jpg": 30,
    "images/avatar-10-90-50-50.jpg": 66,
    "images/avatar-50-10-50-90.jpg": 41,
    "images/avatar-10-50-50-10.jpg": 39,
    "images/avatar-50-10-10-10.jpg": 52,
    "images/avatar-90-90-90-10.jpg": 32,
    "images/avatar-10-10-10-10.jpg": 79,
    "images/avatar-90-90-90-90.jpg": 40,
    "images/avatar-90-90-10-50.jpg": 32,
    "images/avatar-10-50-90-90.jpg": 22,
    "images/avatar-50-50-50-90.jpg": 46,
    "images/avatar-90-10-50-10.jpg": 17,
    "images/avatar-90-90-90-50.jpg": 59,
    "images/avatar-10-10-90-10.jpg": 52,
    "images/avatar-10-90-50-10.jpg": 68,
    "images/avatar-10-50-50-50.jpg": 42,
    "images/avatar-90-10-10-90.jpg": 38,
    "images/avatar-50-90-10-50.jpg": 19,
    "images/avatar-10-10-50-10.jpg": 64,
    "images/avatar-50-10-50-10.jpg": 37,
    "images/avatar-10-10-10-50.jpg": 32,
    "images/avatar-50-50-90-10.jpg": 24,
    "images/avatar-90-10-10-50.jpg": 31,
    "images/avatar-10-90-10-50.jpg": 25,
    "images/avatar-10-90-90-50.jpg": 37,
    "images/avatar-10-10-90-50.jpg": 33
}