{
    "images/avatar-90-50-50-10.jpg": 38,
    "images/avatar-50-90-10-10.jpg": 40,
    "images/avatar-50-10-90-90.jpg": 21,
    "images/avatar-50-50-50-50.jpg": 91,
    "images/avatar-50-10-10-50.jpg": 81,
    "images/avatar-10-90-10-90.jpg": 23,
    "images/avatar-90-10-90-50.jpg": 98,
    "images/avatar-90-90-50-50.jpg": 68,
    "images/avatar-50-90-50-10.jpg": 37,
    "images/avatar-90-10-50-50.jpg": 78,
    "images/avatar-90-50-10-10.jpg": 33,
    "images/avatar-90-10-10-10.jpg": 27,
    "images/avatar-10-90-90-10.jpg": 17,
    "images/avatar-50-90-50-90.jpg": 16,
    "images/avatar-90-90-50-10.jpg": 63,
    "images/avatar-10-90-50-90.jpg": 35,
    "images/avatar-90-50-90-10.jpg": 40,
    "images/avatar-90-90-10-10.jpg": 47,
    "images/avatar-50-10-90-50.jpg": 93,
    "images/avatar-10-10-50-50.jpg": 81,
    "images/avatar-10-50-50-90.jpg": 19,
    "images/avatar-90-50-90-50.jpg": 73,
    "images/avatar-50-50-50-10.jpg": 51,
    "images/avatar-90-90-10-90.jpg": 33,
    "images/avatar-50-10-90-10.jpg": 60,
    "images/avatar-10-50-10-90.jpg": 46,
    "images/avatar-90-10-90-10.jpg": 40,
    "images/avatar-90-50-50-50.jpg": 82,
    "images/avatar-50-10-50-50.jpg": 81,
    "images/avatar-50-90-90-10.jpg": 37,
    "images/avatar-10-90-10-10.jpg": 42,
    "images/avatar-50-50-10-10.jpg": 1,
    "images/avatar-10-90-90-90.jpg": 16,
    "images/avatar-90-50-10-50.jpg": 79,
    "images/avatar-10-10-90-90.jpg": 15,
    "images/avatar-50-90-90-90.jpg": 10,
    "images/avatar-50-90-50-50.jpg": 74,
    "images/avatar-50-50-10-50.jpg": 69,
    "images/avatar-50-50-10-90.jpg": 25,
    "images/avatar-90-50-10-90.jpg": 35,
    "images/avatar-10-10-10-90.jpg": 20,
    "images/avatar-90-10-50-90.jpg": 24,
    "images/avatar-10-50-90-50.jpg": 41,
    "images/avatar-50-50-90-90.jpg": 22,
    "images/avatar-90-90-50-90.jpg": 31,
    "images/avatar-10-50-90-10.jpg": 36,
    "images/avatar-50-10-10-90.jpg": 46,
    "images/avatar-90-50-90-90.jpg": 13,
    "images/avatar-10-90-50-50.jpg": 56,
    "images/avatar-50-10-50-90.jpg": 40,
    "images/avatar-10-50-50-10.jpg": 59,
    "images/avatar-50-10-10-10.jpg": 22,
    "images/avatar-90-90-90-10.jpg": 14,
    "images/avatar-10-10-10-10.jpg": 19,
    "images/avatar-90-90-90-90.jpg": 25,
    "images/avatar-90-90-10-50.jpg": 64,
    "images/avatar-10-50-90-90.jpg": 29,
    "images/avatar-50-50-50-90.jpg": 33,
    "images/avatar-90-10-50-10.jpg": 32,
    "images/avatar-90-90-90-50.jpg": 80,
    "images/avatar-10-10-90-10.jpg": 55,
    "images/avatar-10-90-50-10.jpg": 48,
    "images/avatar-10-50-50-50.jpg": 90,
    "images/avatar-90-10-10-90.jpg": 25,
    "images/avatar-50-90-10-50.jpg": 80,
    "images/avatar-10-10-50-10.jpg": 29,
    "images/avatar-50-10-50-10.jpg": 16,
    "images/avatar-10-10-10-50.jpg": 82,
    "images/avatar-50-50-90-10.jpg": 32,
    "images/avatar-90-10-10-50.jpg": 79,
    "images/avatar-10-90-10-50.jpg": 63,
    "images/avatar-10-90-90-50.jpg": 60,
    "images/avatar-10-10-90-50.jpg": 70
}