{
    "images/avatar-90-50-50-10.jpg": 32,
    "images/avatar-50-90-10-10.jpg": 23,
    "images/avatar-50-10-90-90.jpg": 40,
    "images/avatar-50-50-50-50.jpg": 63,
    "images/avatar-50-10-10-50.jpg": 38,
    "images/avatar-10-90-10-90.jpg": 15,
    "images/avatar-90-10-90-50.jpg": 40,
    "images/avatar-90-90-50-50.jpg": 38,
    "images/avatar-50-90-50-10.jpg": 68,
    "images/avatar-90-10-50-50.jpg": 20,
    "images/avatar-90-50-10-10.jpg": 43,
    "images/avatar-90-10-10-10.jpg": 57,
    "images/avatar-10-90-90-10.jpg": 21,
    "images/avatar-50-90-50-90.jpg": 29,
    "images/avatar-90-90-50-10.jpg": 35,
    "images/avatar-10-90-50-90.jpg": 37,
    "images/avatar-90-50-90-10.jpg": 45,
    "images/avatar-90-90-10-10.jpg": 42,
    "images/avatar-50-10-90-50.jpg": 33,
    "images/avatar-10-10-50-50.jpg": 65,
    "images/avatar-10-50-50-90.jpg": 28,
    "images/avatar-90-50-90-50.jpg": 24,
    "images/avatar-50-50-50-10.jpg": 35,
    "images/avatar-90-90-10-90.jpg": 21,
    "images/avatar-50-10-90-10.jpg": 52,
    "images/avatar-10-50-10-90.jpg": 28,
    "images/avatar-90-10-90-10.jpg": 28,
    "images/avatar-90-50-50-50.jpg": 10,
    "images/avatar-50-10-50-50.jpg": 22,
    "images/avatar-50-90-90-10.jpg": 22,
    "images/avatar-10-90-10-10.jpg": 42,
    "images/avatar-50-50-10-10.jpg": 18,
    "images/avatar-10-90-90-90.jpg": 18,
    "images/avatar-90-50-10-50.jpg": 30,
    "images/avatar-10-10-90-90.jpg": 30,
    "images/avatar-50-90-90-90.jpg": 18,
    "images/avatar-50-90-50-50.jpg": 18,
    "images/avatar-50-50-10-50.jpg": 29,
    "images/avatar-50-50-10-90.jpg": 41,
    "images/avatar-90-50-10-90.jpg": 18,
    "images/avatar-10-10-10-90.jpg": 37,
    "images/avatar-90-10-50-90.jpg": 63,
    "images/avatar-10-50-90-50.jpg": 41,
    "images/avatar-50-50-90-90.jpg": 11,
    "images/avatar-90-90-50-90.jpg": 41,
    "images/avatar-10-50-90-10.jpg": 49,
    "images/avatar-50-10-10-90.jpg": 16,
    "images/avatar-90-50-90-90.jpg": 16,
    "images/avatar-10-90-50-50.jpg": 43,
    "images/avatar-50-10-50-90.jpg": 22,
    "images/avatar-10-50-50-10.jpg": 53,
    "images/avatar-50-10-10-10.jpg": 54,
    "images/avatar-90-90-90-10.jpg": 27,
    "images/avatar-10-10-10-10.jpg": 44,
    "images/avatar-90-90-90-90.jpg": 26,
    "images/avatar-90-90-10-50.jpg": 24,
    "images/avatar-10-50-90-90.jpg": 57,
    "images/avatar-50-50-50-90.jpg": 44,
    "images/avatar-90-10-50-10.jpg": 44,
    "images/avatar-90-90-90-50.jpg": 24,
    "images/avatar-10-10-90-10.jpg": 44,
    "images/avatar-10-90-50-10.jpg": 20,
    "images/avatar-10-50-50-50.jpg": 57,
    "images/avatar-90-10-10-90.jpg": 57,
    "images/avatar-50-90-10-50.jpg": 72,
    "images/avatar-10-10-50-10.jpg": 62,
    "images/avatar-50-10-50-10.jpg": 49,
    "images/avatar-10-10-10-50.jpg": 54,
    "images/avatar-50-50-90-10.jpg": 58,
    "images/avatar-90-10-10-50.jpg": 63,
    "images/avatar-10-90-10-50.jpg": 77,
    "images/avatar-10-90-90-50.jpg": 37,
    "images/avatar-10-10-90-50.jpg": 54
}