{
    "images/avatar-90-50-50-10.jpg": 100,
    "images/avatar-50-90-10-10.jpg": 95,
    "images/avatar-50-10-90-90.jpg": 15,
    "images/avatar-50-50-50-50.jpg": 83,
    "images/avatar-50-10-10-50.jpg": 99,
    "images/avatar-10-90-10-90.jpg": 96,
    "images/avatar-90-10-90-50.jpg": 1,
    "images/avatar-90-90-50-50.jpg": 25,
    "images/avatar-50-90-50-10.jpg": 59,
    "images/avatar-90-10-50-50.jpg": 52,
    "images/avatar-90-50-10-10.jpg": 66,
    "images/avatar-90-10-10-10.jpg": 23,
    "images/avatar-10-90-90-10.jpg": 83,
    "images/avatar-50-90-50-90.jpg": 92,
    "images/avatar-90-90-50-10.jpg": 99,
    "images/avatar-10-90-50-90.jpg": 99,
    "images/avatar-90-50-90-10.jpg": 18,
    "images/avatar-90-90-10-10.jpg": 86,
    "images/avatar-50-10-90-50.jpg": 11,
    "images/avatar-10-10-50-50.jpg": 98,
    "images/avatar-10-50-50-90.jpg": 95,
    "images/avatar-90-50-90-50.jpg": 62,
    "images/avatar-50-50-50-10.jpg": 73,
    "images/avatar-90-90-10-90.jpg": 94,
    "images/avatar-50-10-90-10.jpg": 30,
    "images/avatar-10-50-10-90.jpg": 95,
    "images/avatar-90-10-90-10.jpg": 20,
    "images/avatar-90-50-50-50.jpg": 58,
    "images/avatar-50-10-50-50.jpg": 59,
    "images/avatar-50-90-90-10.jpg": 100,
    "images/avatar-10-90-10-10.jpg": 100,
    "images/avatar-50-50-10-10.jpg": 100,
    "images/avatar-10-90-90-90.jpg": 99,
    "images/avatar-90-50-10-50.jpg": 98,
    "images/avatar-10-10-90-90.jpg": 31,
    "images/avatar-50-90-90-90.jpg": 66,
    "images/avatar-50-90-50-50.jpg": 91,
    "images/avatar-50-50-10-50.jpg": 99,
    "images/avatar-50-50-10-90.jpg": 99,
    "images/avatar-90-50-10-90.jpg": 80,
    "images/avatar-10-10-10-90.jpg": 95,
    "images/avatar-90-10-50-90.jpg": 7,
    "images/avatar-10-50-90-50.jpg": 77,
    "images/avatar-50-50-90-90.jpg": 77,
    "images/avatar-90-90-50-90.jpg": 95,
    "images/avatar-10-50-90-10.jpg": 61,
    "images/avatar-50-10-10-90.jpg": 37,
    "images/avatar-90-50-90-90.jpg": 37,
    "images/avatar-10-90-50-50.jpg": 96,
    "images/avatar-50-10-50-90.jpg": 49,
    "images/avatar-10-50-50-10.jpg": 97,
    "images/avatar-50-10-10-10.jpg": 42,
    "images/avatar-90-90-90-10.jpg": 61,
    "images/avatar-10-10-10-10.jpg": 81,
    "images/avatar-90-90-90-90.jpg": 35,
    "images/avatar-90-90-10-50.jpg": 96,
    "images/avatar-10-50-90-90.jpg": 67,
    "images/avatar-50-50-50-90.jpg": 94,
    "images/avatar-90-10-50-10.jpg": 20,
    "images/avatar-90-90-90-50.jpg": 96,
    "images/avatar-10-10-90-10.jpg": 92,
    "images/avatar-10-90-50-10.jpg": 99,
    "images/avatar-10-50-50-50.jpg": 95,
    "images/avatar-90-10-10-90.jpg": 17,
    "images/avatar-50-90-10-50.jpg": 98,
    "images/avatar-10-10-50-10.jpg": 79,
    "images/avatar-50-10-50-10.jpg": 51,
    "images/avatar-10-10-10-50.jpg": 69,
    "images/avatar-50-50-90-10.jpg": 69,
    "images/avatar-90-10-10-50.jpg": 14,
    "images/avatar-10-90-10-50.jpg": 96,
    "images/avatar-10-90-90-50.jpg": 96,
    "images/avatar-10-10-90-50.jpg": 65
}