{
    "images/avatar-90-50-50-10.jpg": 66,
    "images/avatar-50-90-10-10.jpg": 65,
    "images/avatar-50-10-90-90.jpg": 95,
    "images/avatar-50-50-50-50.jpg": 29,
    "images/avatar-50-10-10-50.jpg": 96,
    "images/avatar-10-90-10-90.jpg": 97,
    "images/avatar-90-10-90-50.jpg": 92,
    "images/avatar-90-90-50-50.jpg": 98,
    "images/avatar-50-90-50-10.jpg": 93,
    "images/avatar-90-10-50-50.jpg": 97,
    "images/avatar-90-50-10-10.jpg": 84,
    "images/avatar-90-10-10-10.jpg": 14,
    "images/avatar-10-90-90-10.jpg": 10,
    "images/avatar-50-90-50-90.jpg": 31,
    "images/avatar-90-90-50-10.jpg": 20,
    "images/avatar-10-90-50-90.jpg": 19,
    "images/avatar-90-50-90-10.jpg": 27,
    "images/avatar-90-90-10-10.jpg": 16,
    "images/avatar-50-10-90-50.jpg": 24,
    "images/avatar-10-10-50-50.jpg": 29,
    "images/avatar-10-50-50-90.jpg": 12,
    "images/avatar-90-50-90-50.jpg": 21,
    "images/avatar-50-50-50-10.jpg": 29,
    "images/avatar-90-90-10-90.jpg": 26,
    "images/avatar-50-10-90-10.jpg": 23,
    "images/avatar-10-50-10-90.jpg": 27,
    "images/avatar-90-10-90-10.jpg": 24,
    "images/avatar-90-50-50-50.jpg": 34,
    "images/avatar-50-10-50-50.jpg": 31,
    "images/avatar-50-90-90-10.jpg": 18,
    "images/avatar-10-90-10-10.jpg": 31,
    "images/avatar-50-50-10-10.jpg": 29,
    "images/avatar-10-90-90-90.jpg": 27,
    "images/avatar-90-50-10-50.jpg": 33,
    "images/avatar-10-10-90-90.jpg": 36,
    "images/avatar-50-90-90-90.jpg": 23,
    "images/avatar-50-90-50-50.jpg": 23,
    "images/avatar-50-50-10-50.jpg": 23,
    "images/avatar-50-50-10-90.jpg": 16,
    "images/avatar-90-50-10-90.jpg": 24,
    "images/avatar-10-10-10-90.jpg": 23,
    "images/avatar-90-10-50-90.jpg": 27,
    "images/avatar-10-50-90-50.jpg": 20,
    "images/avatar-50-50-90-90.jpg": 34,
    "images/avatar-90-90-50-90.jpg": 22,
    "images/avatar-10-50-90-10.jpg": 28,
    "images/avatar-50-10-10-90.jpg": 20,
    "images/avatar-90-50-90-90.jpg": 22,
    "images/avatar-10-90-50-50.jpg": 23,
    "images/avatar-50-10-50-90.jpg": 35,
    "images/avatar-10-50-50-10.jpg": 27,
    "images/avatar-50-10-10-10.jpg": 20,
    "images/avatar-90-90-90-10.jpg": 29,
    "images/avatar-10-10-10-10.jpg": 29,
    "images/avatar-90-90-90-90.jpg": 31,
    "images/avatar-90-90-10-50.jpg": 18,
    "images/avatar-10-50-90-90.jpg": 29,
    "images/avatar-50-50-50-90.jpg": 32,
    "images/avatar-90-10-50-10.jpg": 20,
    "images/avatar-90-90-90-50.jpg": 24,
    "images/avatar-10-10-90-10.jpg": 24,
    "images/avatar-10-90-50-10.jpg": 33,
    "images/avatar-10-50-50-50.jpg": 28,
    "images/avatar-90-10-10-90.jpg": 21,
    "images/avatar-50-90-10-50.jpg": 28,
    "images/avatar-10-10-50-10.jpg": 22,
    "images/avatar-50-10-50-10.jpg": 27,
    "images/avatar-10-10-10-50.jpg": 17,
    "images/avatar-50-50-90-10.jpg": 29,
    "images/avatar-90-10-10-50.jpg": 17,
    "images/avatar-10-90-10-50.jpg": 20,
    "images/avatar-10-90-90-50.jpg": 27,
    "images/avatar-10-10-90-50.jpg": 78
}