{
    "images/avatar-90-50-50-10.jpg": 18,
    "images/avatar-50-90-10-10.jpg": 21,
    "images/avatar-50-10-90-90.jpg": 44,
    "images/avatar-50-50-50-50.jpg": 72,
    "images/avatar-50-10-10-50.jpg": 81,
    "images/avatar-10-90-10-90.jpg": 44,
    "images/avatar-90-10-90-50.jpg": 87,
    "images/avatar-90-90-50-50.jpg": 79,
    "images/avatar-50-90-50-10.jpg": 16,
    "images/avatar-90-10-50-50.jpg": 78,
    "images/avatar-90-50-10-10.jpg": 18,
    "images/avatar-90-10-10-10.jpg": 21,
    "images/avatar-10-90-90-10.jpg": 13,
    "images/avatar-50-90-50-90.jpg": 46,
    "images/avatar-90-90-50-10.jpg": 22,
    "images/avatar-10-90-50-90.jpg": 28,
    "images/avatar-90-50-90-10.jpg": 14,
    "images/avatar-90-90-10-10.jpg": 28,
    "images/avatar-50-10-90-50.jpg": 78,
    "images/avatar-10-10-50-50.jpg": 74,
    "images/avatar-10-50-50-90.jpg": 36,
    "images/avatar-90-50-90-50.jpg": 80,
    "images/avatar-50-50-50-10.jpg": 20,
    "images/avatar-90-90-10-90.jpg": 30,
    "images/avatar-50-10-90-10.jpg": 26,
    "images/avatar-10-50-10-90.jpg": 41,
    "images/avatar-90-10-90-10.jpg": 29,
    "images/avatar-90-50-50-50.jpg": 82,
    "images/avatar-50-10-50-50.jpg": 84,
    "images/avatar-50-90-90-10.jpg": 16,
    "images/avatar-10-90-10-10.jpg": 23,
    "images/avatar-50-50-10-10.jpg": 14,
    "images/avatar-10-90-90-90.jpg": 40,
    "images/avatar-90-50-10-50.jpg": 83,
    "images/avatar-10-10-90-90.jpg": 30,
    "images/avatar-50-90-90-90.jpg": 27,
    "images/avatar-50-90-50-50.jpg": 76,
    "images/avatar-50-50-10-50.jpg": 74,
    "images/avatar-50-50-10-90.jpg": 52,
    "images/avatar-90-50-10-90.jpg": 42,
    "images/avatar-10-10-10-90.jpg": 44,
    "images/avatar-90-10-50-90.jpg": 42,
    "images/avatar-10-50-90-50.jpg": 77,
    "images/avatar-50-50-90-90.jpg": 30,
    "images/avatar-90-90-50-90.jpg": 27,
    "images/avatar-10-50-90-10.jpg": 19,
    "images/avatar-50-10-10-90.jpg": 48,
    "images/avatar-90-50-90-90.jpg": 22,
    "images/avatar-10-90-50-50.jpg": 85,
    "images/avatar-50-10-50-90.jpg": 44,
    "images/avatar-10-50-50-10.jpg": 22,
    "images/avatar-50-10-10-10.jpg": 13,
    "images/avatar-90-90-90-10.jpg": 25,
    "images/avatar-10-10-10-10.jpg": 22,
    "images/avatar-90-90-90-90.jpg": 48,
    "images/avatar-90-90-10-50.jpg": 70,
    "images/avatar-10-50-90-90.jpg": 25,
    "images/avatar-50-50-50-90.jpg": 46,
    "images/avatar-90-10-50-10.jpg": 17,
    "images/avatar-90-90-90-50.jpg": 85,
    "images/avatar-10-10-90-10.jpg": 25,
    "images/avatar-10-90-50-10.jpg": 19,
    "images/avatar-10-50-50-50.jpg": 77,
    "images/avatar-90-10-10-90.jpg": 46,
    "images/avatar-50-90-10-50.jpg": 76,
    "images/avatar-10-10-50-10.jpg": 22,
    "images/avatar-50-10-50-10.jpg": 17,
    "images/avatar-10-10-10-50.jpg": 90,
    "images/avatar-50-50-90-10.jpg": 16,
    "images/avatar-90-10-10-50.jpg": 79,
    "images/avatar-10-90-10-50.jpg": 86,
    "images/avatar-10-90-90-50.jpg": 76,
    "images/avatar-10-10-90-50.jpg": 79
}