{
    "images/avatar-90-50-50-10.jpg": 70,
    "images/avatar-50-90-10-10.jpg": 71,
    "images/avatar-50-10-90-90.jpg": 71,
    "images/avatar-50-50-50-50.jpg": 73,
    "images/avatar-50-10-10-50.jpg": 70,
    "images/avatar-10-90-10-90.jpg": 71,
    "images/avatar-90-10-90-50.jpg": 70,
    "images/avatar-90-90-50-50.jpg": 70,
    "images/avatar-50-90-50-10.jpg": 70,
    "images/avatar-90-10-50-50.jpg": 70,
    "images/avatar-90-50-10-10.jpg": 70,
    "images/avatar-90-10-10-10.jpg": 70,
    "images/avatar-10-90-90-10.jpg": 70,
    "images/avatar-50-90-50-90.jpg": 73,
    "images/avatar-90-90-50-10.jpg": 71,
    "images/avatar-10-90-50-90.jpg": 65,
    "images/avatar-90-50-90-10.jpg": 73,
    "images/avatar-90-90-10-10.jpg": 65,
    "images/avatar-50-10-90-50.jpg": 65,
    "images/avatar-10-10-50-50.jpg": 65,
    "images/avatar-10-50-50-90.jpg": 65,
    "images/avatar-90-50-90-50.jpg": 65,
    "images/avatar-50-50-50-10.jpg": 65,
    "images/avatar-90-90-10-90.jpg": 65,
    "images/avatar-50-10-90-10.jpg": 65,
    "images/avatar-10-50-10-90.jpg": 65,
    "images/avatar-90-10-90-10.jpg": 65,
    "images/avatar-90-50-50-50.jpg": 65,
    "images/avatar-50-10-50-50.jpg": 65,
    "images/avatar-50-90-90-10.jpg": 65,
    "images/avatar-10-90-10-10.jpg": 65,
    "images/avatar-50-50-10-10.jpg": 65,
    "images/avatar-10-90-90-90.jpg": 65,
    "images/avatar-90-50-10-50.jpg": 65,
    "images/avatar-10-10-90-90.jpg": 65,
    "images/avatar-50-90-90-90.jpg": 65,
    "images/avatar-50-90-50-50.jpg": 65,
    "images/avatar-50-50-10-50.jpg": 65,
    "images/avatar-50-50-10-90.jpg": 65,
    "images/avatar-90-50-10-90.jpg": 72,
    "images/avatar-10-10-10-90.jpg": 72,
    "images/avatar-90-10-50-90.jpg": 73,
    "images/avatar-10-50-90-50.jpg": 73,
    "images/avatar-50-50-90-90.jpg": 73,
    "images/avatar-90-90-50-90.jpg": 73,
    "images/avatar-10-50-90-10.jpg": 73,
    "images/avatar-50-10-10-90.jpg": 73,
    "images/avatar-90-50-90-90.jpg": 73,
    "images/avatar-10-90-50-50.jpg": 73,
    "images/avatar-50-10-50-90.jpg": 73,
    "images/avatar-10-50-50-10.jpg": 72,
    "images/avatar-50-10-10-10.jpg": 73,
    "images/avatar-90-90-90-10.jpg": 73,
    "images/avatar-10-10-10-10.jpg": 73,
    "images/avatar-90-90-90-90.jpg": 73,
    "images/avatar-90-90-10-50.jpg": 73,
    "images/avatar-10-50-90-90.jpg": 73,
    "images/avatar-50-50-50-90.jpg": 73,
    "images/avatar-90-10-50-10.jpg": 73,
    "images/avatar-90-90-90-50.jpg": 73,
    "images/avatar-10-10-90-10.jpg": 73,
    "images/avatar-10-90-50-10.jpg": 73,
    "images/avatar-10-50-50-50.jpg": 73,
    "images/avatar-90-10-10-90.jpg": 73,
    "images/avatar-50-90-10-50.jpg": 73,
    "images/avatar-10-10-50-10.jpg": 73,
    "images/avatar-50-10-50-10.jpg": 73,
    "images/avatar-10-10-10-50.jpg": 73,
    "images/avatar-50-50-90-10.jpg": 73,
    "images/avatar-90-10-10-50.jpg": 73,
    "images/avatar-10-90-10-50.jpg": 73,
    "images/avatar-10-90-90-50.jpg": 73,
    "images/avatar-10-10-90-50.jpg": 73
}