{
    "images/avatar-90-50-50-10.jpg": 70,
    "images/avatar-50-90-10-10.jpg": 100,
    "images/avatar-50-10-90-90.jpg": 14,
    "images/avatar-50-50-50-50.jpg": 50,
    "images/avatar-50-10-10-50.jpg": 50,
    "images/avatar-10-90-10-90.jpg": 67,
    "images/avatar-90-10-90-50.jpg": 78,
    "images/avatar-90-90-50-50.jpg": 92,
    "images/avatar-50-90-50-10.jpg": 28,
    "images/avatar-90-10-50-50.jpg": 31,
    "images/avatar-90-50-10-10.jpg": 86,
    "images/avatar-90-10-10-10.jpg": 63,
    "images/avatar-10-90-90-10.jpg": 42,
    "images/avatar-50-90-50-90.jpg": 29,
    "images/avatar-90-90-50-10.jpg": 67,
    "images/avatar-10-90-50-90.jpg": 50,
    "images/avatar-90-50-90-10.jpg": 17,
    "images/avatar-90-90-10-10.jpg": 45,
    "images/avatar-50-10-90-50.jpg": 26,
    "images/avatar-10-10-50-50.jpg": 81,
    "images/avatar-10-50-50-90.jpg": 61,
    "images/avatar-90-50-90-50.jpg": 95,
    "images/avatar-50-50-50-10.jpg": 62,
    "images/avatar-90-90-10-90.jpg": 48,
    "images/avatar-50-10-90-10.jpg": 75,
    "images/avatar-10-50-10-90.jpg": 91,
    "images/avatar-90-10-90-10.jpg": 51,
    "images/avatar-90-50-50-50.jpg": 37,
    "images/avatar-50-10-50-50.jpg": 58,
    "images/avatar-50-90-90-10.jpg": 80,
    "images/avatar-10-90-10-10.jpg": 91,
    "images/avatar-50-50-10-10.jpg": 17,
    "images/avatar-10-90-90-90.jpg": 26,
    "images/avatar-90-50-10-50.jpg": 32,
    "images/avatar-10-10-90-90.jpg": 47,
    "images/avatar-50-90-90-90.jpg": 65,
    "images/avatar-50-90-50-50.jpg": 82,
    "images/avatar-50-50-10-50.jpg": 1,
    "images/avatar-50-50-10-90.jpg": 77,
    "images/avatar-90-50-10-90.jpg": 94,
    "images/avatar-10-10-10-90.jpg": 20,
    "images/avatar-90-10-50-90.jpg": 28,
    "images/avatar-10-50-90-50.jpg": 100,
    "images/avatar-50-50-90-90.jpg": 19,
    "images/avatar-90-90-50-90.jpg": 58,
    "images/avatar-10-50-90-10.jpg": 97,
    "images/avatar-50-10-10-90.jpg": 25,
    "images/avatar-90-50-90-90.jpg": 74,
    "images/avatar-10-90-50-50.jpg": 68,
    "images/avatar-50-10-50-90.jpg": 35,
    "images/avatar-10-50-50-10.jpg": 36,
    "images/avatar-50-10-10-10.jpg": 49,
    "images/avatar-90-90-90-10.jpg": 58,
    "images/avatar-10-10-10-10.jpg": 48,
    "images/avatar-90-90-90-90.jpg": 98,
    "images/avatar-90-90-10-50.jpg": 69,
    "images/avatar-10-50-90-90.jpg": 56,
    "images/avatar-50-50-50-90.jpg": 67,
    "images/avatar-90-10-50-10.jpg": 76,
    "images/avatar-90-90-90-50.jpg": 94,
    "images/avatar-10-10-90-10.jpg": 32,
    "images/avatar-10-90-50-10.jpg": 55,
    "images/avatar-10-50-50-50.jpg": 85,
    "images/avatar-90-10-10-90.jpg": 48,
    "images/avatar-50-90-10-50.jpg": 21,
    "images/avatar-10-10-50-10.jpg": 73,
    "images/avatar-50-10-50-10.jpg": 83,
    "images/avatar-10-10-10-50.jpg": 61,
    "images/avatar-50-50-90-10.jpg": 97,
    "images/avatar-90-10-10-50.jpg": 78,
    "images/avatar-10-90-10-50.jpg": 67,
    "images/avatar-10-90-90-50.jpg": 75,
    "images/avatar-10-10-90-50.jpg": 85
}