{
    "images/avatar-90-50-50-10.jpg": 29,
    "images/avatar-50-90-10-10.jpg": 67,
    "images/avatar-50-10-90-90.jpg": 46,
    "images/avatar-50-50-50-50.jpg": 55,
    "images/avatar-50-10-10-50.jpg": 87,
    "images/avatar-10-90-10-90.jpg": 78,
    "images/avatar-90-10-90-50.jpg": 40,
    "images/avatar-90-90-50-50.jpg": 78,
    "images/avatar-50-90-50-10.jpg": 41,
    "images/avatar-90-10-50-50.jpg": 70,
    "images/avatar-90-50-10-10.jpg": 38,
    "images/avatar-90-10-10-10.jpg": 21,
    "images/avatar-10-90-90-10.jpg": 76,
    "images/avatar-50-90-50-90.jpg": 80,
    "images/avatar-90-90-50-10.jpg": 53,
    "images/avatar-10-90-50-90.jpg": 16,
    "images/avatar-90-50-90-10.jpg": 63,
    "images/avatar-90-90-10-10.jpg": 48,
    "images/avatar-50-10-90-50.jpg": 32,
    "images/avatar-10-10-50-50.jpg": 23,
    "images/avatar-10-50-50-90.jpg": 13,
    "images/avatar-90-50-90-50.jpg": 80,
    "images/avatar-50-50-50-10.jpg": 63,
    "images/avatar-90-90-10-90.jpg": 37,
    "images/avatar-50-10-90-10.jpg": 50,
    "images/avatar-10-50-10-90.jpg": 87,
    "images/avatar-90-10-90-10.jpg": 72,
    "images/avatar-90-50-50-50.jpg": 57,
    "images/avatar-50-10-50-50.jpg": 38,
    "images/avatar-50-90-90-10.jpg": 21,
    "images/avatar-10-90-10-10.jpg": 74,
    "images/avatar-50-50-10-10.jpg": 43,
    "images/avatar-10-90-90-90.jpg": 41,
    "images/avatar-90-50-10-50.jpg": 78,
    "images/avatar-10-10-90-90.jpg": 45,
    "images/avatar-50-90-90-90.jpg": 62,
    "images/avatar-50-90-50-50.jpg": 21,
    "images/avatar-50-50-10-50.jpg": 21,
    "images/avatar-50-50-10-90.jpg": 84,
    "images/avatar-90-50-10-90.jpg": 67,
    "images/avatar-10-10-10-90.jpg": 53,
    "images/avatar-90-10-50-90.jpg": 35,
    "images/avatar-10-50-90-50.jpg": 26,
    "images/avatar-50-50-90-90.jpg": 31,
    "images/avatar-90-90-50-90.jpg": 20,
    "images/avatar-10-50-90-10.jpg": 30,
    "images/avatar-50-10-10-90.jpg": 48,
    "images/avatar-90-50-90-90.jpg": 60,
    "images/avatar-10-90-50-50.jpg": 79,
    "images/avatar-50-10-50-90.jpg": 65,
    "images/avatar-10-50-50-10.jpg": 65,
    "images/avatar-50-10-10-10.jpg": 41,
    "images/avatar-90-90-90-10.jpg": 16,
    "images/avatar-10-10-10-10.jpg": 76,
    "images/avatar-90-90-90-90.jpg": 81,
    "images/avatar-90-90-10-50.jpg": 48,
    "images/avatar-10-50-90-90.jpg": 26,
    "images/avatar-50-50-50-90.jpg": 38,
    "images/avatar-90-10-50-10.jpg": 53,
    "images/avatar-90-90-90-50.jpg": 67,
    "images/avatar-10-10-90-10.jpg": 43,
    "images/avatar-10-90-50-10.jpg": 26,
    "images/avatar-10-50-50-50.jpg": 87,
    "images/avatar-90-10-10-90.jpg": 84,
    "images/avatar-50-90-10-50.jpg": 67,
    "images/avatar-10-10-50-10.jpg": 54,
    "images/avatar-50-10-50-10.jpg": 41,
    "images/avatar-10-10-10-50.jpg": 84,
    "images/avatar-50-50-90-10.jpg": 78,
    "images/avatar-90-10-10-50.jpg": 51,
    "images/avatar-10-90-10-50.jpg": 51,
    "images/avatar-10-90-90-50.jpg": 21,
    "images/avatar-10-10-90-50.jpg": 63
}