{
    "images/avatar-90-50-50-10.jpg": 68,
    "images/avatar-50-90-10-10.jpg": 88,
    "images/avatar-50-10-90-90.jpg": 46,
    "images/avatar-50-50-50-50.jpg": 28,
    "images/avatar-50-10-10-50.jpg": 67,
    "images/avatar-10-90-10-90.jpg": 29,
    "images/avatar-90-10-90-50.jpg": 91,
    "images/avatar-90-90-50-50.jpg": 27,
    "images/avatar-50-90-50-10.jpg": 72,
    "images/avatar-90-10-50-50.jpg": 44,
    "images/avatar-90-50-10-10.jpg": 77,
    "images/avatar-90-10-10-10.jpg": 65,
    "images/avatar-10-90-90-10.jpg": 48,
    "images/avatar-50-90-50-90.jpg": 26,
    "images/avatar-90-90-50-10.jpg": 29,
    "images/avatar-10-90-50-90.jpg": 100,
    "images/avatar-90-50-90-10.jpg": 83,
    "images/avatar-90-90-10-10.jpg": 40,
    "images/avatar-50-10-90-50.jpg": 57,
    "images/avatar-10-10-50-50.jpg": 68,
    "images/avatar-10-50-50-90.jpg": 50,
    "images/avatar-90-50-90-50.jpg": 47,
    "images/avatar-50-50-50-10.jpg": 70,
    "images/avatar-90-90-10-90.jpg": 85,
    "images/avatar-50-10-90-10.jpg": 42,
    "images/avatar-10-50-10-90.jpg": 60,
    "images/avatar-90-10-90-10.jpg": 72,
    "images/avatar-90-50-50-50.jpg": 69,
    "images/avatar-50-10-50-50.jpg": 35,
    "images/avatar-50-90-90-10.jpg": 82,
    "images/avatar-10-90-10-10.jpg": 66,
    "images/avatar-50-50-10-10.jpg": 92,
    "images/avatar-10-90-90-90.jpg": 52,
    "images/avatar-90-50-10-50.jpg": 88,
    "images/avatar-10-10-90-90.jpg": 71,
    "images/avatar-50-90-90-90.jpg": 82,
    "images/avatar-50-90-50-50.jpg": 61,
    "images/avatar-50-50-10-50.jpg": 24,
    "images/avatar-50-50-10-90.jpg": 95,
    "images/avatar-90-50-10-90.jpg": 68,
    "images/avatar-10-10-10-90.jpg": 61,
    "images/avatar-90-10-50-90.jpg": 37,
    "images/avatar-10-50-90-50.jpg": 81,
    "images/avatar-50-50-90-90.jpg": 33,
    "images/avatar-90-90-50-90.jpg": 72,
    "images/avatar-10-50-90-10.jpg": 83,
    "images/avatar-50-10-10-90.jpg": 60,
    "images/avatar-90-50-90-90.jpg": 76,
    "images/avatar-10-90-50-50.jpg": 54,
    "images/avatar-50-10-50-90.jpg": 79,
    "images/avatar-10-50-50-10.jpg": 55,
    "images/avatar-50-10-10-10.jpg": 32,
    "images/avatar-90-90-90-10.jpg": 47,
    "images/avatar-10-10-10-10.jpg": 43,
    "images/avatar-90-90-90-90.jpg": 100,
    "images/avatar-90-90-10-50.jpg": 67,
    "images/avatar-10-50-90-90.jpg": 77,
    "images/avatar-50-50-50-90.jpg": 65,
    "images/avatar-90-10-50-10.jpg": 89,
    "images/avatar-90-90-90-50.jpg": 78,
    "images/avatar-10-10-90-10.jpg": 66,
    "images/avatar-10-90-50-10.jpg": 99,
    "images/avatar-10-50-50-50.jpg": 46,
    "images/avatar-90-10-10-90.jpg": 13,
    "images/avatar-50-90-10-50.jpg": 56,
    "images/avatar-10-10-50-10.jpg": 71,
    "images/avatar-50-10-50-10.jpg": 38,
    "images/avatar-10-10-10-50.jpg": 89,
    "images/avatar-50-50-90-10.jpg": 58,
    "images/avatar-90-10-10-50.jpg": 80,
    "images/avatar-10-90-10-50.jpg": 56,
    "images/avatar-10-90-90-50.jpg": 57,
    "images/avatar-10-10-90-50.jpg": 75
}