{
    "images/avatar-90-50-50-10.jpg": 85,
    "images/avatar-50-90-10-10.jpg": 86,
    "images/avatar-50-10-90-90.jpg": 92,
    "images/avatar-50-50-50-50.jpg": 85,
    "images/avatar-50-10-10-50.jpg": 94,
    "images/avatar-10-90-10-90.jpg": 67,
    "images/avatar-90-10-90-50.jpg": 47,
    "images/avatar-90-90-50-50.jpg": 88,
    "images/avatar-50-90-50-10.jpg": 78,
    "images/avatar-90-10-50-50.jpg": 75,
    "images/avatar-90-50-10-10.jpg": 72,
    "images/avatar-90-10-10-10.jpg": 83,
    "images/avatar-10-90-90-10.jpg": 75,
    "images/avatar-50-90-50-90.jpg": 55,
    "images/avatar-90-90-50-10.jpg": 73,
    "images/avatar-10-90-50-90.jpg": 87,
    "images/avatar-90-50-90-10.jpg": 78,
    "images/avatar-90-90-10-10.jpg": 97,
    "images/avatar-50-10-90-50.jpg": 80,
    "images/avatar-10-10-50-50.jpg": 88,
    "images/avatar-10-50-50-90.jpg": 68,
    "images/avatar-90-50-90-50.jpg": 90,
    "images/avatar-50-50-50-10.jpg": 86,
    "images/avatar-90-90-10-90.jpg": 73,
    "images/avatar-50-10-90-10.jpg": 95,
    "images/avatar-10-50-10-90.jpg": 74,
    "images/avatar-90-10-90-10.jpg": 92,
    "images/avatar-90-50-50-50.jpg": 82,
    "images/avatar-50-10-50-50.jpg": 97,
    "images/avatar-50-90-90-10.jpg": 81,
    "images/avatar-10-90-10-10.jpg": 88,
    "images/avatar-50-50-10-10.jpg": 79,
    "images/avatar-10-90-90-90.jpg": 94,
    "images/avatar-90-50-10-50.jpg": 74,
    "images/avatar-10-10-90-90.jpg": 94,
    "images/avatar-50-90-90-90.jpg": 75,
    "images/avatar-50-90-50-50.jpg": 87,
    "images/avatar-50-50-10-50.jpg": 82,
    "images/avatar-50-50-10-90.jpg": 96,
    "images/avatar-90-50-10-90.jpg": 82,
    "images/avatar-10-10-10-90.jpg": 94,
    "images/avatar-90-10-50-90.jpg": 38,
    "images/avatar-10-50-90-50.jpg": 25,
    "images/avatar-50-50-90-90.jpg": 75,
    "images/avatar-90-90-50-90.jpg": 86,
    "images/avatar-10-50-90-10.jpg": 64,
    "images/avatar-50-10-10-90.jpg": 36,
    "images/avatar-90-50-90-90.jpg": 28,
    "images/avatar-10-90-50-50.jpg": 72,
    "images/avatar-50-10-50-90.jpg": 94,
    "images/avatar-10-50-50-10.jpg": 26,
    "images/avatar-50-10-10-10.jpg": 81,
    "images/avatar-90-90-90-10.jpg": 84,
    "images/avatar-10-10-10-10.jpg": 94,
    "images/avatar-90-90-90-90.jpg": 75,
    "images/avatar-90-90-10-50.jpg": 95,
    "images/avatar-10-50-90-90.jpg": 84,
    "images/avatar-50-50-50-90.jpg": 93,
    "images/avatar-90-10-50-10.jpg": 84,
    "images/avatar-90-90-90-50.jpg": 94,
    "images/avatar-10-10-90-10.jpg": 90,
    "images/avatar-10-90-50-10.jpg": 96,
    "images/avatar-10-50-50-50.jpg": 85,
    "images/avatar-90-10-10-90.jpg": 95,
    "images/avatar-50-90-10-50.jpg": 75,
    "images/avatar-10-10-50-10.jpg": 95,
    "images/avatar-50-10-50-10.jpg": 88,
    "images/avatar-10-10-10-50.jpg": 92,
    "images/avatar-50-50-90-10.jpg": 96,
    "images/avatar-90-10-10-50.jpg": 69,
    "images/avatar-10-90-10-50.jpg": 55,
    "images/avatar-10-90-90-50.jpg": 81,
    "images/avatar-10-10-90-50.jpg": 70
}