{
    "images/avatar-90-50-50-10.jpg": 19,
    "images/avatar-50-90-10-10.jpg": 20,
    "images/avatar-50-10-90-90.jpg": 50,
    "images/avatar-50-50-50-50.jpg": 78,
    "images/avatar-50-10-10-50.jpg": 72,
    "images/avatar-10-90-10-90.jpg": 24,
    "images/avatar-90-10-90-50.jpg": 72,
    "images/avatar-90-90-50-50.jpg": 74,
    "images/avatar-50-90-50-10.jpg": 22,
    "images/avatar-90-10-50-50.jpg": 73,
    "images/avatar-90-50-10-10.jpg": 12,
    "images/avatar-90-10-10-10.jpg": 17,
    "images/avatar-10-90-90-10.jpg": 12,
    "images/avatar-50-90-50-90.jpg": 43,
    "images/avatar-90-90-50-10.jpg": 16,
    "images/avatar-10-90-50-90.jpg": 50,
    "images/avatar-90-50-90-10.jpg": 14,
    "images/avatar-90-90-10-10.jpg": 16,
    "images/avatar-50-10-90-50.jpg": 75,
    "images/avatar-10-10-50-50.jpg": 75,
    "images/avatar-10-50-50-90.jpg": 14,
    "images/avatar-90-50-90-50.jpg": 74,
    "images/avatar-50-50-50-10.jpg": 13,
    "images/avatar-90-90-10-90.jpg": 51,
    "images/avatar-50-10-90-10.jpg": 12,
    "images/avatar-10-50-10-90.jpg": 9,
    "images/avatar-90-10-90-10.jpg": 14,
    "images/avatar-90-50-50-50.jpg": 72,
    "images/avatar-50-10-50-50.jpg": 73,
    "images/avatar-50-90-90-10.jpg": 14,
    "images/avatar-10-90-10-10.jpg": 12,
    "images/avatar-50-50-10-10.jpg": 14,
    "images/avatar-10-90-90-90.jpg": 45,
    "images/avatar-90-50-10-50.jpg": 75,
    "images/avatar-10-10-90-90.jpg": 20,
    "images/avatar-50-90-90-90.jpg": 11,
    "images/avatar-50-90-50-50.jpg": 68,
    "images/avatar-50-50-10-50.jpg": 75,
    "images/avatar-50-50-10-90.jpg": 21,
    "images/avatar-90-50-10-90.jpg": 38,
    "images/avatar-10-10-10-90.jpg": 20,
    "images/avatar-90-10-50-90.jpg": 22,
    "images/avatar-10-50-90-50.jpg": 79,
    "images/avatar-50-50-90-90.jpg": 27,
    "images/avatar-90-90-50-90.jpg": 16,
    "images/avatar-10-50-90-10.jpg": 14,
    "images/avatar-50-10-10-90.jpg": 22,
    "images/avatar-90-50-90-90.jpg": 14,
    "images/avatar-10-90-50-50.jpg": 66,
    "images/avatar-50-10-50-90.jpg": 16,
    "images/avatar-10-50-50-10.jpg": 23,
    "images/avatar-50-10-10-10.jpg": 16,
    "images/avatar-90-90-90-10.jpg": 29,
    "images/avatar-10-10-10-10.jpg": 12,
    "images/avatar-90-90-90-90.jpg": 21,
    "images/avatar-90-90-10-50.jpg": 85,
    "images/avatar-10-50-90-90.jpg": 28,
    "images/avatar-50-50-50-90.jpg": 20,
    "images/avatar-90-10-50-10.jpg": 16,
    "images/avatar-90-90-90-50.jpg": 82,
    "images/avatar-10-10-90-10.jpg": 14,
    "images/avatar-10-90-50-10.jpg": 12,
    "images/avatar-10-50-50-50.jpg": 83,
    "images/avatar-90-10-10-90.jpg": 19,
    "images/avatar-50-90-10-50.jpg": 70,
    "images/avatar-10-10-50-10.jpg": 15,
    "images/avatar-50-10-50-10.jpg": 20,
    "images/avatar-10-10-10-50.jpg": 81,
    "images/avatar-50-50-90-10.jpg": 14,
    "images/avatar-90-10-10-50.jpg": 77,
    "images/avatar-10-90-10-50.jpg": 81,
    "images/avatar-10-90-90-50.jpg": 75,
    "images/avatar-10-10-90-50.jpg": 79
}