{
    "images/avatar-90-50-50-10.jpg": 61,
    "images/avatar-50-90-10-10.jpg": 57,
    "images/avatar-50-10-90-90.jpg": 15,
    "images/avatar-50-50-50-50.jpg": 60,
    "images/avatar-50-10-10-50.jpg": 75,
    "images/avatar-10-90-10-90.jpg": 12,
    "images/avatar-90-10-90-50.jpg": 37,
    "images/avatar-90-90-50-50.jpg": 69,
    "images/avatar-50-90-50-10.jpg": 82,
    "images/avatar-90-10-50-50.jpg": 61,
    "images/avatar-90-50-10-10.jpg": 62,
    "images/avatar-90-10-10-10.jpg": 31,
    "images/avatar-10-90-90-10.jpg": 61,
    "images/avatar-50-90-50-90.jpg": 60,
    "images/avatar-90-90-50-10.jpg": 65,
    "images/avatar-10-90-50-90.jpg": 18,
    "images/avatar-90-50-90-10.jpg": 46,
    "images/avatar-90-90-10-10.jpg": 62,
    "images/avatar-50-10-90-50.jpg": 32,
    "images/avatar-10-10-50-50.jpg": 45,
    "images/avatar-10-50-50-90.jpg": 12,
    "images/avatar-90-50-90-50.jpg": 64,
    "images/avatar-50-50-50-10.jpg": 81,
    "images/avatar-90-90-10-90.jpg": 42,
    "images/avatar-50-10-90-10.jpg": 61,
    "images/avatar-10-50-10-90.jpg": 72,
    "images/avatar-90-10-90-10.jpg": 88,
    "images/avatar-90-50-50-50.jpg": 93,
    "images/avatar-50-10-50-50.jpg": 76,
    "images/avatar-50-90-90-10.jpg": 51,
    "images/avatar-10-90-10-10.jpg": 80,
    "images/avatar-50-50-10-10.jpg": 58,
    "images/avatar-10-90-90-90.jpg": 31,
    "images/avatar-90-50-10-50.jpg": 76,
    "images/avatar-10-10-90-90.jpg": 37,
    "images/avatar-50-90-90-90.jpg": 46,
    "images/avatar-50-90-50-50.jpg": 72,
    "images/avatar-50-50-10-50.jpg": 89,
    "images/avatar-50-50-10-90.jpg": 63,
    "images/avatar-90-50-10-90.jpg": 36,
    "images/avatar-10-10-10-90.jpg": 41,
    "images/avatar-90-10-50-90.jpg": 39,
    "images/avatar-10-50-90-50.jpg": 68,
    "images/avatar-50-50-90-90.jpg": 25,
    "images/avatar-90-90-50-90.jpg": 74,
    "images/avatar-10-50-90-10.jpg": 64,
    "images/avatar-50-10-10-90.jpg": 69,
    "images/avatar-90-50-90-90.jpg": 39,
    "images/avatar-10-90-50-50.jpg": 75,
    "images/avatar-50-10-50-90.jpg": 20,
    "images/avatar-10-50-50-10.jpg": 64,
    "images/avatar-50-10-10-10.jpg": 64,
    "images/avatar-90-90-90-10.jpg": 84,
    "images/avatar-10-10-10-10.jpg": 47,
    "images/avatar-90-90-90-90.jpg": 18,
    "images/avatar-90-90-10-50.jpg": 52,
    "images/avatar-10-50-90-90.jpg": 21,
    "images/avatar-50-50-50-90.jpg": 32,
    "images/avatar-90-10-50-10.jpg": 84,
    "images/avatar-90-90-90-50.jpg": 73,
    "images/avatar-10-10-90-10.jpg": 60,
    "images/avatar-10-90-50-10.jpg": 76,
    "images/avatar-10-50-50-50.jpg": 61,
    "images/avatar-90-10-10-90.jpg": 33,
    "images/avatar-50-90-10-50.jpg": 78,
    "images/avatar-10-10-50-10.jpg": 89,
    "images/avatar-50-10-50-10.jpg": 76,
    "images/avatar-10-10-10-50.jpg": 59,
    "images/avatar-50-50-90-10.jpg": 70,
    "images/avatar-90-10-10-50.jpg": 51,
    "images/avatar-10-90-10-50.jpg": 74,
    "images/avatar-10-90-90-50.jpg": 80,
    "images/avatar-10-10-90-50.jpg": 28
}