{
    "images/avatar-90-50-50-10.jpg": 72,
    "images/avatar-50-90-10-10.jpg": 47,
    "images/avatar-50-10-90-90.jpg": 17,
    "images/avatar-50-50-50-50.jpg": 24,
    "images/avatar-50-10-10-50.jpg": 18,
    "images/avatar-10-90-10-90.jpg": 62,
    "images/avatar-90-10-90-50.jpg": 63,
    "images/avatar-90-90-50-50.jpg": 63,
    "images/avatar-50-90-50-10.jpg": 49,
    "images/avatar-90-10-50-50.jpg": 23,
    "images/avatar-90-50-10-10.jpg": 49,
    "images/avatar-90-10-10-10.jpg": 70,
    "images/avatar-10-90-90-10.jpg": 27,
    "images/avatar-50-90-50-90.jpg": 17,
    "images/avatar-90-90-50-10.jpg": 33,
    "images/avatar-10-90-50-90.jpg": 17,
    "images/avatar-90-50-90-10.jpg": 16,
    "images/avatar-90-90-10-10.jpg": 16,
    "images/avatar-50-10-90-50.jpg": 18,
    "images/avatar-10-10-50-50.jpg": 25,
    "images/avatar-10-50-50-90.jpg": 29,
    "images/avatar-90-50-90-50.jpg": 57,
    "images/avatar-50-50-50-10.jpg": 81,
    "images/avatar-90-90-10-90.jpg": 11,
    "images/avatar-50-10-90-10.jpg": 17,
    "images/avatar-10-50-10-90.jpg": 16,
    "images/avatar-90-10-90-10.jpg": 12,
    "images/avatar-90-50-50-50.jpg": 10,
    "images/avatar-50-10-50-50.jpg": 27,
    "images/avatar-50-90-90-10.jpg": 20,
    "images/avatar-10-90-10-10.jpg": 25,
    "images/avatar-50-50-10-10.jpg": 19,
    "images/avatar-10-90-90-90.jpg": 43,
    "images/avatar-90-50-10-50.jpg": 76,
    "images/avatar-10-10-90-90.jpg": 21,
    "images/avatar-50-90-90-90.jpg": 19,
    "images/avatar-50-90-50-50.jpg": 51,
    "images/avatar-50-50-10-50.jpg": 82,
    "images/avatar-50-50-10-90.jpg": 12,
    "images/avatar-90-50-10-90.jpg": 17,
    "images/avatar-10-10-10-90.jpg": 68,
    "images/avatar-90-10-50-90.jpg": 14,
    "images/avatar-10-50-90-50.jpg": 13,
    "images/avatar-50-50-90-90.jpg": 20,
    "images/avatar-90-90-50-90.jpg": 38,
    "images/avatar-10-50-90-10.jpg": 28,
    "images/avatar-50-10-10-90.jpg": 13,
    "images/avatar-90-50-90-90.jpg": 20,
    "images/avatar-10-90-50-50.jpg": 21,
    "images/avatar-50-10-50-90.jpg": 67,
    "images/avatar-10-50-50-10.jpg": 41,
    "images/avatar-50-10-10-10.jpg": 29,
    "images/avatar-90-90-90-10.jpg": 15,
    "images/avatar-10-10-10-10.jpg": 82,
    "images/avatar-90-90-90-90.jpg": 17,
    "images/avatar-90-90-10-50.jpg": 20,
    "images/avatar-10-50-90-90.jpg": 41,
    "images/avatar-50-50-50-90.jpg": 77,
    "images/avatar-90-10-50-10.jpg": 31,
    "images/avatar-90-90-90-50.jpg": 52,
    "images/avatar-10-10-90-10.jpg": 86,
    "images/avatar-10-90-50-10.jpg": 38,
    "images/avatar-10-50-50-50.jpg": 63,
    "images/avatar-90-10-10-90.jpg": 24,
    "images/avatar-50-90-10-50.jpg": 24,
    "images/avatar-10-10-50-10.jpg": 72,
    "images/avatar-50-10-50-10.jpg": 80,
    "images/avatar-10-10-10-50.jpg": 25,
    "images/avatar-50-50-90-10.jpg": 52,
    "images/avatar-90-10-10-50.jpg": 77,
    "images/avatar-10-90-10-50.jpg": 76,
    "images/avatar-10-90-90-50.jpg": 72,
    "images/avatar-10-10-90-50.jpg": 70
}