{
    "images/avatar-90-50-50-10.jpg": 60,
    "images/avatar-50-90-10-10.jpg": 87,
    "images/avatar-50-10-90-90.jpg": 35,
    "images/avatar-50-50-50-50.jpg": 59,
    "images/avatar-50-10-10-50.jpg": 73,
    "images/avatar-10-90-10-90.jpg": 41,
    "images/avatar-90-10-90-50.jpg": 75,
    "images/avatar-90-90-50-50.jpg": 48,
    "images/avatar-50-90-50-10.jpg": 80,
    "images/avatar-90-10-50-50.jpg": 49,
    "images/avatar-90-50-10-10.jpg": 62,
    "images/avatar-90-10-10-10.jpg": 83,
    "images/avatar-10-90-90-10.jpg": 63,
    "images/avatar-50-90-50-90.jpg": 82,
    "images/avatar-90-90-50-10.jpg": 36,
    "images/avatar-10-90-50-90.jpg": 87,
    "images/avatar-90-50-90-10.jpg": 87,
    "images/avatar-90-90-10-10.jpg": 81,
    "images/avatar-50-10-90-50.jpg": 33,
    "images/avatar-10-10-50-50.jpg": 56,
    "images/avatar-10-50-50-90.jpg": 82,
    "images/avatar-90-50-90-50.jpg": 37,
    "images/avatar-50-50-50-10.jpg": 75,
    "images/avatar-90-90-10-90.jpg": 49,
    "images/avatar-50-10-90-10.jpg": 80,
    "images/avatar-10-50-10-90.jpg": 35,
    "images/avatar-90-10-90-10.jpg": 87,
    "images/avatar-90-50-50-50.jpg": 75,
    "images/avatar-50-10-50-50.jpg": 59,
    "images/avatar-50-90-90-10.jpg": 19,
    "images/avatar-10-90-10-10.jpg": 78,
    "images/avatar-50-50-10-10.jpg": 45,
    "images/avatar-10-90-90-90.jpg": 92,
    "images/avatar-90-50-10-50.jpg": 46,
    "images/avatar-10-10-90-90.jpg": 25,
    "images/avatar-50-90-90-90.jpg": 72,
    "images/avatar-50-90-50-50.jpg": 91,
    "images/avatar-50-50-10-50.jpg": 49,
    "images/avatar-50-50-10-90.jpg": 29,
    "images/avatar-90-50-10-90.jpg": 75,
    "images/avatar-10-10-10-90.jpg": 94,
    "images/avatar-90-10-50-90.jpg": 31,
    "images/avatar-10-50-90-50.jpg": 23,
    "images/avatar-50-50-90-90.jpg": 67,
    "images/avatar-90-90-50-90.jpg": 71,
    "images/avatar-10-50-90-10.jpg": 47,
    "images/avatar-50-10-10-90.jpg": 20,
    "images/avatar-90-50-90-90.jpg": 77,
    "images/avatar-10-90-50-50.jpg": 50,
    "images/avatar-50-10-50-90.jpg": 67,
    "images/avatar-10-50-50-10.jpg": 75,
    "images/avatar-50-10-10-10.jpg": 41,
    "images/avatar-90-90-90-10.jpg": 72,
    "images/avatar-10-10-10-10.jpg": 84,
    "images/avatar-90-90-90-90.jpg": 79,
    "images/avatar-90-90-10-50.jpg": 23,
    "images/avatar-10-50-90-90.jpg": 80,
    "images/avatar-50-50-50-90.jpg": 67,
    "images/avatar-90-10-50-10.jpg": 58,
    "images/avatar-90-90-90-50.jpg": 48,
    "images/avatar-10-10-90-10.jpg": 75,
    "images/avatar-10-90-50-10.jpg": 35,
    "images/avatar-10-50-50-50.jpg": 77,
    "images/avatar-90-10-10-90.jpg": 52,
    "images/avatar-50-90-10-50.jpg": 40,
    "images/avatar-10-10-50-10.jpg": 93,
    "images/avatar-50-10-50-10.jpg": 80,
    "images/avatar-10-10-10-50.jpg": 48,
    "images/avatar-50-50-90-10.jpg": 63,
    "images/avatar-90-10-10-50.jpg": 45,
    "images/avatar-10-90-10-50.jpg": 31,
    "images/avatar-10-90-90-50.jpg": 69,
    "images/avatar-10-10-90-50.jpg": 81
}