{
    "images/avatar-90-50-50-10.jpg": 98,
    "images/avatar-50-90-10-10.jpg": 56,
    "images/avatar-50-10-90-90.jpg": 84,
    "images/avatar-50-50-50-50.jpg": 100,
    "images/avatar-50-10-10-50.jpg": 18,
    "images/avatar-10-90-10-90.jpg": 84,
    "images/avatar-90-10-90-50.jpg": 27,
    "images/avatar-90-90-50-50.jpg": 79,
    "images/avatar-50-90-50-10.jpg": 16,
    "images/avatar-90-10-50-50.jpg": 61,
    "images/avatar-90-50-10-10.jpg": 86,
    "images/avatar-90-10-10-10.jpg": 38,
    "images/avatar-10-90-90-10.jpg": 64,
    "images/avatar-50-90-50-90.jpg": 44,
    "images/avatar-90-90-50-10.jpg": 30,
    "images/avatar-10-90-50-90.jpg": 53,
    "images/avatar-90-50-90-10.jpg": 21,
    "images/avatar-90-90-10-10.jpg": 67,
    "images/avatar-50-10-90-50.jpg": 34,
    "images/avatar-10-10-50-50.jpg": 80,
    "images/avatar-10-50-50-90.jpg": 55,
    "images/avatar-90-50-90-50.jpg": 90,
    "images/avatar-50-50-50-10.jpg": 33,
    "images/avatar-90-90-10-90.jpg": 49,
    "images/avatar-50-10-90-10.jpg": 75,
    "images/avatar-10-50-10-90.jpg": 11,
    "images/avatar-90-10-90-10.jpg": 52,
    "images/avatar-90-50-50-50.jpg": 89,
    "images/avatar-50-10-50-50.jpg": 76,
    "images/avatar-50-90-90-10.jpg": 35,
    "images/avatar-10-90-10-10.jpg": 60,
    "images/avatar-50-50-10-10.jpg": 70,
    "images/avatar-10-90-90-90.jpg": 85,
    "images/avatar-90-50-10-50.jpg": 50,
    "images/avatar-10-10-90-90.jpg": 68,
    "images/avatar-50-90-90-90.jpg": 79,
    "images/avatar-50-90-50-50.jpg": 92,
    "images/avatar-50-50-10-50.jpg": 26,
    "images/avatar-50-50-10-90.jpg": 32,
    "images/avatar-90-50-10-90.jpg": 58,
    "images/avatar-10-10-10-90.jpg": 91,
    "images/avatar-90-10-50-90.jpg": 20,
    "images/avatar-10-50-90-50.jpg": 74,
    "images/avatar-50-50-90-90.jpg": 94,
    "images/avatar-90-90-50-90.jpg": 34,
    "images/avatar-10-50-90-10.jpg": 100,
    "images/avatar-50-10-10-90.jpg": 85,
    "images/avatar-90-50-90-90.jpg": 19,
    "images/avatar-10-90-50-50.jpg": 45,
    "images/avatar-50-10-50-90.jpg": 67,
    "images/avatar-10-50-50-10.jpg": 78,
    "images/avatar-50-10-10-10.jpg": 75,
    "images/avatar-90-90-90-10.jpg": 91,
    "images/avatar-10-10-10-10.jpg": 27,
    "images/avatar-90-90-90-90.jpg": 82,
    "images/avatar-90-90-10-50.jpg": 32,
    "images/avatar-10-50-90-90.jpg": 80,
    "images/avatar-50-50-50-90.jpg": 91,
    "images/avatar-90-10-50-10.jpg": 43,
    "images/avatar-90-90-90-50.jpg": 79,
    "images/avatar-10-10-90-10.jpg": 52,
    "images/avatar-10-90-50-10.jpg": 80,
    "images/avatar-10-50-50-50.jpg": 19,
    "images/avatar-90-10-10-90.jpg": 83,
    "images/avatar-50-90-10-50.jpg": 38,
    "images/avatar-10-10-50-10.jpg": 84,
    "images/avatar-50-10-50-10.jpg": 100,
    "images/avatar-10-10-10-50.jpg": 26,
    "images/avatar-50-50-90-10.jpg": 61,
    "images/avatar-90-10-10-50.jpg": 78,
    "images/avatar-10-90-10-50.jpg": 88,
    "images/avatar-10-90-90-50.jpg": 59,
    "images/avatar-10-10-90-50.jpg": 44
}