{
    "images/avatar-90-50-50-10.jpg": 87,
    "images/avatar-50-90-10-10.jpg": 87,
    "images/avatar-50-10-90-90.jpg": 72,
    "images/avatar-50-50-50-50.jpg": 69,
    "images/avatar-50-10-10-50.jpg": 82,
    "images/avatar-10-90-10-90.jpg": 66,
    "images/avatar-90-10-90-50.jpg": 73,
    "images/avatar-90-90-50-50.jpg": 86,
    "images/avatar-50-90-50-10.jpg": 75,
    "images/avatar-90-10-50-50.jpg": 79,
    "images/avatar-90-50-10-10.jpg": 72,
    "images/avatar-90-10-10-10.jpg": 76,
    "images/avatar-10-90-90-10.jpg": 69,
    "images/avatar-50-90-50-90.jpg": 76,
    "images/avatar-90-90-50-10.jpg": 76,
    "images/avatar-10-90-50-90.jpg": 84,
    "images/avatar-90-50-90-10.jpg": 70,
    "images/avatar-90-90-10-10.jpg": 75,
    "images/avatar-50-10-90-50.jpg": 64,
    "images/avatar-10-10-50-50.jpg": 78,
    "images/avatar-10-50-50-90.jpg": 75,
    "images/avatar-90-50-90-50.jpg": 76,
    "images/avatar-50-50-50-10.jpg": 72,
    "images/avatar-90-90-10-90.jpg": 81,
    "images/avatar-50-10-90-10.jpg": 67,
    "images/avatar-10-50-10-90.jpg": 65,
    "images/avatar-90-10-90-10.jpg": 65,
    "images/avatar-90-50-50-50.jpg": 79,
    "images/avatar-50-10-50-50.jpg": 72,
    "images/avatar-50-90-90-10.jpg": 66,
    "images/avatar-10-90-10-10.jpg": 61,
    "images/avatar-50-50-10-10.jpg": 69,
    "images/avatar-10-90-90-90.jpg": 76,
    "images/avatar-90-50-10-50.jpg": 79,
    "images/avatar-10-10-90-90.jpg": 64,
    "images/avatar-50-90-90-90.jpg": 76,
    "images/avatar-50-90-50-50.jpg": 83,
    "images/avatar-50-50-10-50.jpg": 83,
    "images/avatar-50-50-10-90.jpg": 67,
    "images/avatar-90-50-10-90.jpg": 76,
    "images/avatar-10-10-10-90.jpg": 60,
    "images/avatar-90-10-50-90.jpg": 67,
    "images/avatar-10-50-90-50.jpg": 72,
    "images/avatar-50-50-90-90.jpg": 78,
    "images/avatar-90-90-50-90.jpg": 75,
    "images/avatar-10-50-90-10.jpg": 61,
    "images/avatar-50-10-10-90.jpg": 75,
    "images/avatar-90-50-90-90.jpg": 72,
    "images/avatar-10-90-50-50.jpg": 78,
    "images/avatar-50-10-50-90.jpg": 72,
    "images/avatar-10-50-50-10.jpg": 59,
    "images/avatar-50-10-10-10.jpg": 59,
    "images/avatar-90-90-90-10.jpg": 67,
    "images/avatar-10-10-10-10.jpg": 63,
    "images/avatar-90-90-90-90.jpg": 61,
    "images/avatar-90-90-10-50.jpg": 90,
    "images/avatar-10-50-90-90.jpg": 76,
    "images/avatar-50-50-50-90.jpg": 72,
    "images/avatar-90-10-50-10.jpg": 61,
    "images/avatar-90-90-90-50.jpg": 72,
    "images/avatar-10-10-90-10.jpg": 61,
    "images/avatar-10-90-50-10.jpg": 76,
    "images/avatar-10-50-50-50.jpg": 64,
    "images/avatar-90-10-10-90.jpg": 54,
    "images/avatar-50-90-10-50.jpg": 66,
    "images/avatar-10-10-50-10.jpg": 64,
    "images/avatar-50-10-50-10.jpg": 66,
    "images/avatar-10-10-10-50.jpg": 62,
    "images/avatar-50-50-90-10.jpg": 65,
    "images/avatar-90-10-10-50.jpg": 65,
    "images/avatar-10-90-10-50.jpg": 76,
    "images/avatar-10-90-90-50.jpg": 76,
    "images/avatar-10-10-90-50.jpg": 61
}