{
    "images/avatar-90-50-50-10.jpg": 50,
    "images/avatar-50-90-10-10.jpg": 32,
    "images/avatar-50-10-90-90.jpg": 16,
    "images/avatar-50-50-50-50.jpg": 100,
    "images/avatar-50-10-10-50.jpg": 39,
    "images/avatar-10-90-10-90.jpg": 32,
    "images/avatar-90-10-90-50.jpg": 13,
    "images/avatar-90-90-50-50.jpg": 66,
    "images/avatar-50-90-50-10.jpg": 56,
    "images/avatar-90-10-50-50.jpg": 42,
    "images/avatar-90-50-10-10.jpg": 45,
    "images/avatar-90-10-10-10.jpg": 76,
    "images/avatar-10-90-90-10.jpg": 73,
    "images/avatar-50-90-50-90.jpg": 32,
    "images/avatar-90-90-50-10.jpg": 85,
    "images/avatar-10-90-50-90.jpg": 37,
    "images/avatar-90-50-90-10.jpg": 64,
    "images/avatar-90-90-10-10.jpg": 91,
    "images/avatar-50-10-90-50.jpg": 64,
    "images/avatar-10-10-50-50.jpg": 86,
    "images/avatar-10-50-50-90.jpg": 46,
    "images/avatar-90-50-90-50.jpg": 90,
    "images/avatar-50-50-50-10.jpg": 95,
    "images/avatar-90-90-10-90.jpg": 16,
    "images/avatar-50-10-90-10.jpg": 61,
    "images/avatar-10-50-10-90.jpg": 43,
    "images/avatar-90-10-90-10.jpg": 20,
    "images/avatar-90-50-50-50.jpg": 72,
    "images/avatar-50-10-50-50.jpg": 93,
    "images/avatar-50-90-90-10.jpg": 99,
    "images/avatar-10-90-10-10.jpg": 100,
    "images/avatar-50-50-10-10.jpg": 87,
    "images/avatar-10-90-90-90.jpg": 61,
    "images/avatar-90-50-10-50.jpg": 60,
    "images/avatar-10-10-90-90.jpg": 14,
    "images/avatar-50-90-90-90.jpg": 7,
    "images/avatar-50-90-50-50.jpg": 79,
    "images/avatar-50-50-10-50.jpg": 63,
    "images/avatar-50-50-10-90.jpg": 29,
    "images/avatar-90-50-10-90.jpg": 27,
    "images/avatar-10-10-10-90.jpg": 61,
    "images/avatar-90-10-50-90.jpg": 13,
    "images/avatar-10-50-90-50.jpg": 41,
    "images/avatar-50-50-90-90.jpg": 76,
    "images/avatar-90-90-50-90.jpg": 25,
    "images/avatar-10-50-90-10.jpg": 12,
    "images/avatar-50-10-10-90.jpg": 27,
    "images/avatar-90-50-90-90.jpg": 10,
    "images/avatar-10-90-50-50.jpg": 58,
    "images/avatar-50-10-50-90.jpg": 17,
    "images/avatar-10-50-50-10.jpg": 89,
    "images/avatar-50-10-10-10.jpg": 100,
    "images/avatar-90-90-90-10.jpg": 92,
    "images/avatar-10-10-10-10.jpg": 85,
    "images/avatar-90-90-90-90.jpg": 8,
    "images/avatar-90-90-10-50.jpg": 60,
    "images/avatar-10-50-90-90.jpg": 34,
    "images/avatar-50-50-50-90.jpg": 45,
    "images/avatar-90-10-50-10.jpg": 13,
    "images/avatar-90-90-90-50.jpg": 32,
    "images/avatar-10-10-90-10.jpg": 15,
    "images/avatar-10-90-50-10.jpg": 84,
    "images/avatar-10-50-50-50.jpg": 80,
    "images/avatar-90-10-10-90.jpg": 48,
    "images/avatar-50-90-10-50.jpg": 100,
    "images/avatar-10-10-50-10.jpg": 60,
    "images/avatar-50-10-50-10.jpg": 72,
    "images/avatar-10-10-10-50.jpg": 80,
    "images/avatar-50-50-90-10.jpg": 91,
    "images/avatar-90-10-10-50.jpg": 84,
    "images/avatar-10-90-10-50.jpg": 75,
    "images/avatar-10-90-90-50.jpg": 62,
    "images/avatar-10-10-90-50.jpg": 73
}