{
    "images/avatar-90-50-50-10.jpg": 49,
    "images/avatar-50-90-10-10.jpg": 37,
    "images/avatar-50-10-90-90.jpg": 25,
    "images/avatar-50-50-50-50.jpg": 14,
    "images/avatar-50-10-10-50.jpg": 24,
    "images/avatar-10-90-10-90.jpg": 43,
    "images/avatar-90-10-90-50.jpg": 37,
    "images/avatar-90-90-50-50.jpg": 32,
    "images/avatar-50-90-50-10.jpg": 59,
    "images/avatar-90-10-50-50.jpg": 31,
    "images/avatar-90-50-10-10.jpg": 26,
    "images/avatar-90-10-10-10.jpg": 35,
    "images/avatar-10-90-90-10.jpg": 25,
    "images/avatar-50-90-50-90.jpg": 43,
    "images/avatar-90-90-50-10.jpg": 23,
    "images/avatar-10-90-50-90.jpg": 42,
    "images/avatar-90-50-90-10.jpg": 33,
    "images/avatar-90-90-10-10.jpg": 31,
    "images/avatar-50-10-90-50.jpg": 40,
    "images/avatar-10-10-50-50.jpg": 23,
    "images/avatar-10-50-50-90.jpg": 35,
    "images/avatar-90-50-90-50.jpg": 26,
    "images/avatar-50-50-50-10.jpg": 30,
    "images/avatar-90-90-10-90.jpg": 43,
    "images/avatar-50-10-90-10.jpg": 24,
    "images/avatar-10-50-10-90.jpg": 29,
    "images/avatar-90-10-90-10.jpg": 34,
    "images/avatar-90-50-50-50.jpg": 62,
    "images/avatar-50-10-50-50.jpg": 27,
    "images/avatar-50-90-90-10.jpg": 39,
    "images/avatar-10-90-10-10.jpg": 22,
    "images/avatar-50-50-10-10.jpg": 31,
    "images/avatar-10-90-90-90.jpg": 29,
    "images/avatar-90-50-10-50.jpg": 35,
    "images/avatar-10-10-90-90.jpg": 31,
    "images/avatar-50-90-90-90.jpg": 52,
    "images/avatar-50-90-50-50.jpg": 26,
    "images/avatar-50-50-10-50.jpg": 34,
    "images/avatar-50-50-10-90.jpg": 26,
    "images/avatar-90-50-10-90.jpg": 38,
    "images/avatar-10-10-10-90.jpg": 38,
    "images/avatar-90-10-50-90.jpg": 25,
    "images/avatar-10-50-90-50.jpg": 35,
    "images/avatar-50-50-90-90.jpg": 18,
    "images/avatar-90-90-50-90.jpg": 36,
    "images/avatar-10-50-90-10.jpg": 30,
    "images/avatar-50-10-10-90.jpg": 31,
    "images/avatar-90-50-90-90.jpg": 31,
    "images/avatar-10-90-50-50.jpg": 37,
    "images/avatar-50-10-50-90.jpg": 20,
    "images/avatar-10-50-50-10.jpg": 33,
    "images/avatar-50-10-10-10.jpg": 32,
    "images/avatar-90-90-90-10.jpg": 57,
    "images/avatar-10-10-10-10.jpg": 30,
    "images/avatar-90-90-90-90.jpg": 39,
    "images/avatar-90-90-10-50.jpg": 24,
    "images/avatar-10-50-90-90.jpg": 42,
    "images/avatar-50-50-50-90.jpg": 24,
    "images/avatar-90-10-50-10.jpg": 24,
    "images/avatar-90-90-90-50.jpg": 42,
    "images/avatar-10-10-90-10.jpg": 31,
    "images/avatar-10-90-50-10.jpg": 31,
    "images/avatar-10-50-50-50.jpg": 31,
    "images/avatar-90-10-10-90.jpg": 43,
    "images/avatar-50-90-10-50.jpg": 25,
    "images/avatar-10-10-50-10.jpg": 22,
    "images/avatar-50-10-50-10.jpg": 32,
    "images/avatar-10-10-10-50.jpg": 30,
    "images/avatar-50-50-90-10.jpg": 30,
    "images/avatar-90-10-10-50.jpg": 42,
    "images/avatar-10-90-10-50.jpg": 33,
    "images/avatar-10-90-90-50.jpg": 23,
    "images/avatar-10-10-90-50.jpg": 39
}