{
    "images/avatar-90-50-50-10.jpg": 52,
    "images/avatar-50-90-10-10.jpg": 80,
    "images/avatar-50-10-90-90.jpg": 40,
    "images/avatar-50-50-50-50.jpg": 63,
    "images/avatar-50-10-10-50.jpg": 37,
    "images/avatar-10-90-10-90.jpg": 70,
    "images/avatar-90-10-90-50.jpg": 32,
    "images/avatar-90-90-50-50.jpg": 69,
    "images/avatar-50-90-50-10.jpg": 46,
    "images/avatar-90-10-50-50.jpg": 77,
    "images/avatar-90-50-10-10.jpg": 30,
    "images/avatar-90-10-10-10.jpg": 76,
    "images/avatar-10-90-90-10.jpg": 37,
    "images/avatar-50-90-50-90.jpg": 76,
    "images/avatar-90-90-50-10.jpg": 38,
    "images/avatar-10-90-50-90.jpg": 68,
    "images/avatar-90-50-90-10.jpg": 62,
    "images/avatar-90-90-10-10.jpg": 63,
    "images/avatar-50-10-90-50.jpg": 42,
    "images/avatar-10-10-50-50.jpg": 76,
    "images/avatar-10-50-50-90.jpg": 62,
    "images/avatar-90-50-90-50.jpg": 41,
    "images/avatar-50-50-50-10.jpg": 69,
    "images/avatar-90-90-10-90.jpg": 30,
    "images/avatar-50-10-90-10.jpg": 77,
    "images/avatar-10-50-10-90.jpg": 43,
    "images/avatar-90-10-90-10.jpg": 74,
    "images/avatar-90-50-50-50.jpg": 54,
    "images/avatar-50-10-50-50.jpg": 77,
    "images/avatar-50-90-90-10.jpg": 65,
    "images/avatar-10-90-10-10.jpg": 93,
    "images/avatar-50-50-10-10.jpg": 44,
    "images/avatar-10-90-90-90.jpg": 80,
    "images/avatar-90-50-10-50.jpg": 42,
    "images/avatar-10-10-90-90.jpg": 82,
    "images/avatar-50-90-90-90.jpg": 64,
    "images/avatar-50-90-50-50.jpg": 83,
    "images/avatar-50-50-10-50.jpg": 66,
    "images/avatar-50-50-10-90.jpg": 49,
    "images/avatar-90-50-10-90.jpg": 67,
    "images/avatar-10-10-10-90.jpg": 30,
    "images/avatar-90-10-50-90.jpg": 71,
    "images/avatar-10-50-90-50.jpg": 95,
    "images/avatar-50-50-90-90.jpg": 58,
    "images/avatar-90-90-50-90.jpg": 79,
    "images/avatar-10-50-90-10.jpg": 71,
    "images/avatar-50-10-10-90.jpg": 80,
    "images/avatar-90-50-90-90.jpg": 36,
    "images/avatar-10-90-50-50.jpg": 72,
    "images/avatar-50-10-50-90.jpg": 74,
    "images/avatar-10-50-50-10.jpg": 62,
    "images/avatar-50-10-10-10.jpg": 82,
    "images/avatar-90-90-90-10.jpg": 57,
    "images/avatar-10-10-10-10.jpg": 84,
    "images/avatar-90-90-90-90.jpg": 76,
    "images/avatar-90-90-10-50.jpg": 69,
    "images/avatar-10-50-90-90.jpg": 42,
    "images/avatar-50-50-50-90.jpg": 38,
    "images/avatar-90-10-50-10.jpg": 80,
    "images/avatar-90-90-90-50.jpg": 50,
    "images/avatar-10-10-90-10.jpg": 80,
    "images/avatar-10-90-50-10.jpg": 35,
    "images/avatar-10-50-50-50.jpg": 76,
    "images/avatar-90-10-10-90.jpg": 67,
    "images/avatar-50-90-10-50.jpg": 57,
    "images/avatar-10-10-50-10.jpg": 87,
    "images/avatar-50-10-50-10.jpg": 65,
    "images/avatar-10-10-10-50.jpg": 80,
    "images/avatar-50-50-90-10.jpg": 67,
    "images/avatar-90-10-10-50.jpg": 51,
    "images/avatar-10-90-10-50.jpg": 80,
    "images/avatar-10-90-90-50.jpg": 35,
    "images/avatar-10-10-90-50.jpg": 52
}