{
    "images/avatar-90-50-50-10.jpg": 57,
    "images/avatar-50-90-10-10.jpg": 74,
    "images/avatar-50-10-90-90.jpg": 74,
    "images/avatar-50-50-50-50.jpg": 66,
    "images/avatar-50-10-10-50.jpg": 75,
    "images/avatar-10-90-10-90.jpg": 40,
    "images/avatar-90-10-90-50.jpg": 60,
    "images/avatar-90-90-50-50.jpg": 60,
    "images/avatar-50-90-50-10.jpg": 60,
    "images/avatar-90-10-50-50.jpg": 60,
    "images/avatar-90-50-10-10.jpg": 66,
    "images/avatar-90-10-10-10.jpg": 57,
    "images/avatar-10-90-90-10.jpg": 60,
    "images/avatar-50-90-50-90.jpg": 74,
    "images/avatar-90-90-50-10.jpg": 74,
    "images/avatar-10-90-50-90.jpg": 35,
    "images/avatar-90-50-90-10.jpg": 62,
    "images/avatar-90-90-10-10.jpg": 45,
    "images/avatar-50-10-90-50.jpg": 67,
    "images/avatar-10-10-50-50.jpg": 67,
    "images/avatar-10-50-50-90.jpg": 49,
    "images/avatar-90-50-90-50.jpg": 59,
    "images/avatar-50-50-50-10.jpg": 69,
    "images/avatar-90-90-10-90.jpg": 56,
    "images/avatar-50-10-90-10.jpg": 74,
    "images/avatar-10-50-10-90.jpg": 72,
    "images/avatar-90-10-90-10.jpg": 72,
    "images/avatar-90-50-50-50.jpg": 72,
    "images/avatar-50-10-50-50.jpg": 72,
    "images/avatar-50-90-90-10.jpg": 72,
    "images/avatar-10-90-10-10.jpg": 36,
    "images/avatar-50-50-10-10.jpg": 43,
    "images/avatar-10-90-90-90.jpg": 43,
    "images/avatar-90-50-10-50.jpg": 65,
    "images/avatar-10-10-90-90.jpg": 65,
    "images/avatar-50-90-90-90.jpg": 62,
    "images/avatar-50-90-50-50.jpg": 65,
    "images/avatar-50-50-10-50.jpg": 65,
    "images/avatar-50-50-10-90.jpg": 65,
    "images/avatar-90-50-10-90.jpg": 69,
    "images/avatar-10-10-10-90.jpg": 51,
    "images/avatar-90-10-50-90.jpg": 66,
    "images/avatar-10-50-90-50.jpg": 58,
    "images/avatar-50-50-90-90.jpg": 58,
    "images/avatar-90-90-50-90.jpg": 58,
    "images/avatar-10-50-90-10.jpg": 52,
    "images/avatar-50-10-10-90.jpg": 64,
    "images/avatar-90-50-90-90.jpg": 64,
    "images/avatar-10-90-50-50.jpg": 70,
    "images/avatar-50-10-50-90.jpg": 70,
    "images/avatar-10-50-50-10.jpg": 50,
    "images/avatar-50-10-10-10.jpg": 69,
    "images/avatar-90-90-90-10.jpg": 64,
    "images/avatar-10-10-10-10.jpg": 64,
    "images/avatar-90-90-90-90.jpg": 49,
    "images/avatar-90-90-10-50.jpg": 69,
    "images/avatar-10-50-90-90.jpg": 71,
    "images/avatar-50-50-50-90.jpg": 63,
    "images/avatar-90-10-50-10.jpg": 76,
    "images/avatar-90-90-90-50.jpg": 75,
    "images/avatar-10-10-90-10.jpg": 54,
    "images/avatar-10-90-50-10.jpg": 62,
    "images/avatar-10-50-50-50.jpg": 62,
    "images/avatar-90-10-10-90.jpg": 67,
    "images/avatar-50-90-10-50.jpg": 67,
    "images/avatar-10-10-50-10.jpg": 42,
    "images/avatar-50-10-50-10.jpg": 57,
    "images/avatar-10-10-10-50.jpg": 57,
    "images/avatar-50-50-90-10.jpg": 43,
    "images/avatar-90-10-10-50.jpg": 73,
    "images/avatar-10-90-10-50.jpg": 62,
    "images/avatar-10-90-90-50.jpg": 60,
    "images/avatar-10-10-90-50.jpg": 77
}