{
    "images/avatar-90-50-50-10.jpg": 44,
    "images/avatar-50-90-10-10.jpg": 13,
    "images/avatar-50-10-90-90.jpg": 11,
    "images/avatar-50-50-50-50.jpg": 54,
    "images/avatar-50-10-10-50.jpg": 80,
    "images/avatar-10-90-10-90.jpg": 17,
    "images/avatar-90-10-90-50.jpg": 35,
    "images/avatar-90-90-50-50.jpg": 100,
    "images/avatar-50-90-50-10.jpg": 63,
    "images/avatar-90-10-50-50.jpg": 75,
    "images/avatar-90-50-10-10.jpg": 53,
    "images/avatar-90-10-10-10.jpg": 39,
    "images/avatar-10-90-90-10.jpg": 84,
    "images/avatar-50-90-50-90.jpg": 60,
    "images/avatar-90-90-50-10.jpg": 47,
    "images/avatar-10-90-50-90.jpg": 26,
    "images/avatar-90-50-90-10.jpg": 46,
    "images/avatar-90-90-10-10.jpg": 66,
    "images/avatar-50-10-90-50.jpg": 36,
    "images/avatar-10-10-50-50.jpg": 56,
    "images/avatar-10-50-50-90.jpg": 29,
    "images/avatar-90-50-90-50.jpg": 86,
    "images/avatar-50-50-50-10.jpg": 100,
    "images/avatar-90-90-10-90.jpg": 28,
    "images/avatar-50-10-90-10.jpg": 47,
    "images/avatar-10-50-10-90.jpg": 8,
    "images/avatar-90-10-90-10.jpg": 74,
    "images/avatar-90-50-50-50.jpg": 92,
    "images/avatar-50-10-50-50.jpg": 58,
    "images/avatar-50-90-90-10.jpg": 85,
    "images/avatar-10-90-10-10.jpg": 100,
    "images/avatar-50-50-10-10.jpg": 62,
    "images/avatar-10-90-90-90.jpg": 46,
    "images/avatar-90-50-10-50.jpg": 80,
    "images/avatar-10-10-90-90.jpg": 32,
    "images/avatar-50-90-90-90.jpg": 31,
    "images/avatar-50-90-50-50.jpg": 78,
    "images/avatar-50-50-10-50.jpg": 100,
    "images/avatar-50-50-10-90.jpg": 90,
    "images/avatar-90-50-10-90.jpg": 74,
    "images/avatar-10-10-10-90.jpg": 97,
    "images/avatar-90-10-50-90.jpg": 27,
    "images/avatar-10-50-90-50.jpg": 89,
    "images/avatar-50-50-90-90.jpg": 68,
    "images/avatar-90-90-50-90.jpg": 39,
    "images/avatar-10-50-90-10.jpg": 36,
    "images/avatar-50-10-10-90.jpg": 22,
    "images/avatar-90-50-90-90.jpg": 24,
    "images/avatar-10-90-50-50.jpg": 57,
    "images/avatar-50-10-50-90.jpg": 77,
    "images/avatar-10-50-50-10.jpg": 11,
    "images/avatar-50-10-10-10.jpg": 85,
    "images/avatar-90-90-90-10.jpg": 77,
    "images/avatar-10-10-10-10.jpg": 73,
    "images/avatar-90-90-90-90.jpg": 82,
    "images/avatar-90-90-10-50.jpg": 51,
    "images/avatar-10-50-90-90.jpg": 88,
    "images/avatar-50-50-50-90.jpg": 64,
    "images/avatar-90-10-50-10.jpg": 100,
    "images/avatar-90-90-90-50.jpg": 95,
    "images/avatar-10-10-90-10.jpg": 88,
    "images/avatar-10-90-50-10.jpg": 78,
    "images/avatar-10-50-50-50.jpg": 21,
    "images/avatar-90-10-10-90.jpg": 40,
    "images/avatar-50-90-10-50.jpg": 71,
    "images/avatar-10-10-50-10.jpg": 86,
    "images/avatar-50-10-50-10.jpg": 57,
    "images/avatar-10-10-10-50.jpg": 68,
    "images/avatar-50-50-90-10.jpg": 82,
    "images/avatar-90-10-10-50.jpg": 23,
    "images/avatar-10-90-10-50.jpg": 34,
    "images/avatar-10-90-90-50.jpg": 73,
    "images/avatar-10-10-90-50.jpg": 95
}