{
    "images/avatar-90-50-50-10.jpg": 17,
    "images/avatar-50-90-10-10.jpg": 12,
    "images/avatar-50-10-90-90.jpg": 43,
    "images/avatar-50-50-50-50.jpg": 47,
    "images/avatar-50-10-10-50.jpg": 65,
    "images/avatar-10-90-10-90.jpg": 7,
    "images/avatar-90-10-90-50.jpg": 56,
    "images/avatar-90-90-50-50.jpg": 21,
    "images/avatar-50-90-50-10.jpg": 72,
    "images/avatar-90-10-50-50.jpg": 12,
    "images/avatar-90-50-10-10.jpg": 11,
    "images/avatar-90-10-10-10.jpg": 27,
    "images/avatar-10-90-90-10.jpg": 20,
    "images/avatar-50-90-50-90.jpg": 40,
    "images/avatar-90-90-50-10.jpg": 7,
    "images/avatar-10-90-50-90.jpg": 7,
    "images/avatar-90-50-90-10.jpg": 36,
    "images/avatar-90-90-10-10.jpg": 15,
    "images/avatar-50-10-90-50.jpg": 55,
    "images/avatar-10-10-50-50.jpg": 65,
    "images/avatar-10-50-50-90.jpg": 9,
    "images/avatar-90-50-90-50.jpg": 28,
    "images/avatar-50-50-50-10.jpg": 8,
    "images/avatar-90-90-10-90.jpg": 9,
    "images/avatar-50-10-90-10.jpg": 8,
    "images/avatar-10-50-10-90.jpg": 11,
    "images/avatar-90-10-90-10.jpg": 10,
    "images/avatar-90-50-50-50.jpg": 24,
    "images/avatar-50-10-50-50.jpg": 51,
    "images/avatar-50-90-90-10.jpg": 7,
    "images/avatar-10-90-10-10.jpg": 9,
    "images/avatar-50-50-10-10.jpg": 18,
    "images/avatar-10-90-90-90.jpg": 12,
    "images/avatar-90-50-10-50.jpg": 17,
    "images/avatar-10-10-90-90.jpg": 14,
    "images/avatar-50-90-90-90.jpg": 21,
    "images/avatar-50-90-50-50.jpg": 24,
    "images/avatar-50-50-10-50.jpg": 19,
    "images/avatar-50-50-10-90.jpg": 22,
    "images/avatar-90-50-10-90.jpg": 22,
    "images/avatar-10-10-10-90.jpg": 25,
    "images/avatar-90-10-50-90.jpg": 8,
    "images/avatar-10-50-90-50.jpg": 76,
    "images/avatar-50-50-90-90.jpg": 13,
    "images/avatar-90-90-50-90.jpg": 12,
    "images/avatar-10-50-90-10.jpg": 13,
    "images/avatar-50-10-10-90.jpg": 19,
    "images/avatar-90-50-90-90.jpg": 19,
    "images/avatar-10-90-50-50.jpg": 26,
    "images/avatar-50-10-50-90.jpg": 10,
    "images/avatar-10-50-50-10.jpg": 25,
    "images/avatar-50-10-10-10.jpg": 17,
    "images/avatar-90-90-90-10.jpg": 12,
    "images/avatar-10-10-10-10.jpg": 15,
    "images/avatar-90-90-90-90.jpg": 29,
    "images/avatar-90-90-10-50.jpg": 11,
    "images/avatar-10-50-90-90.jpg": 19,
    "images/avatar-50-50-50-90.jpg": 38,
    "images/avatar-90-10-50-10.jpg": 65,
    "images/avatar-90-90-90-50.jpg": 17,
    "images/avatar-10-10-90-10.jpg": 63,
    "images/avatar-10-90-50-10.jpg": 9,
    "images/avatar-10-50-50-50.jpg": 22,
    "images/avatar-90-10-10-90.jpg": 10,
    "images/avatar-50-90-10-50.jpg": 23,
    "images/avatar-10-10-50-10.jpg": 27,
    "images/avatar-50-10-50-10.jpg": 9,
    "images/avatar-10-10-10-50.jpg": 32,
    "images/avatar-50-50-90-10.jpg": 82,
    "images/avatar-90-10-10-50.jpg": 29,
    "images/avatar-10-90-10-50.jpg": 45,
    "images/avatar-10-90-90-50.jpg": 9,
    "images/avatar-10-10-90-50.jpg": 16
}