{
    "images/avatar-90-50-50-10.jpg": 11,
    "images/avatar-50-90-10-10.jpg": 69,
    "images/avatar-50-10-90-90.jpg": 20,
    "images/avatar-50-50-50-50.jpg": 25,
    "images/avatar-50-10-10-50.jpg": 22,
    "images/avatar-10-90-10-90.jpg": 13,
    "images/avatar-90-10-90-50.jpg": 74,
    "images/avatar-90-90-50-50.jpg": 45,
    "images/avatar-50-90-50-10.jpg": 21,
    "images/avatar-90-10-50-50.jpg": 13,
    "images/avatar-90-50-10-10.jpg": 65,
    "images/avatar-90-10-10-10.jpg": 92,
    "images/avatar-10-90-90-10.jpg": 79,
    "images/avatar-50-90-50-90.jpg": 29,
    "images/avatar-90-90-50-10.jpg": 27,
    "images/avatar-10-90-50-90.jpg": 8,
    "images/avatar-90-50-90-10.jpg": 53,
    "images/avatar-90-90-10-10.jpg": 55,
    "images/avatar-50-10-90-50.jpg": 15,
    "images/avatar-10-10-50-50.jpg": 33,
    "images/avatar-10-50-50-90.jpg": 27,
    "images/avatar-90-50-90-50.jpg": 41,
    "images/avatar-50-50-50-10.jpg": 47,
    "images/avatar-90-90-10-90.jpg": 32,
    "images/avatar-50-10-90-10.jpg": 18,
    "images/avatar-10-50-10-90.jpg": 21,
    "images/avatar-90-10-90-10.jpg": 62,
    "images/avatar-90-50-50-50.jpg": 10,
    "images/avatar-50-10-50-50.jpg": 25,
    "images/avatar-50-90-90-10.jpg": 69,
    "images/avatar-10-90-10-10.jpg": 47,
    "images/avatar-50-50-10-10.jpg": 23,
    "images/avatar-10-90-90-90.jpg": 32,
    "images/avatar-90-50-10-50.jpg": 35,
    "images/avatar-10-10-90-90.jpg": 19,
    "images/avatar-50-90-90-90.jpg": 17,
    "images/avatar-50-90-50-50.jpg": 33,
    "images/avatar-50-50-10-50.jpg": 22,
    "images/avatar-50-50-10-90.jpg": 41,
    "images/avatar-90-50-10-90.jpg": 25,
    "images/avatar-10-10-10-90.jpg": 14,
    "images/avatar-90-10-50-90.jpg": 28,
    "images/avatar-10-50-90-50.jpg": 34,
    "images/avatar-50-50-90-90.jpg": 20,
    "images/avatar-90-90-50-90.jpg": 14,
    "images/avatar-10-50-90-10.jpg": 68,
    "images/avatar-50-10-10-90.jpg": 25,
    "images/avatar-90-50-90-90.jpg": 26,
    "images/avatar-10-90-50-50.jpg": 37,
    "images/avatar-50-10-50-90.jpg": 27,
    "images/avatar-10-50-50-10.jpg": 70,
    "images/avatar-50-10-10-10.jpg": 25,
    "images/avatar-90-90-90-10.jpg": 87,
    "images/avatar-10-10-10-10.jpg": 69,
    "images/avatar-90-90-90-90.jpg": 14,
    "images/avatar-90-90-10-50.jpg": 23,
    "images/avatar-10-50-90-90.jpg": 38,
    "images/avatar-50-50-50-90.jpg": 19,
    "images/avatar-90-10-50-10.jpg": 57,
    "images/avatar-90-90-90-50.jpg": 19,
    "images/avatar-10-10-90-10.jpg": 25,
    "images/avatar-10-90-50-10.jpg": 14,
    "images/avatar-10-50-50-50.jpg": 18,
    "images/avatar-90-10-10-90.jpg": 11,
    "images/avatar-50-90-10-50.jpg": 49,
    "images/avatar-10-10-50-10.jpg": 66,
    "images/avatar-50-10-50-10.jpg": 49,
    "images/avatar-10-10-10-50.jpg": 24,
    "images/avatar-50-50-90-10.jpg": 71,
    "images/avatar-90-10-10-50.jpg": 30,
    "images/avatar-10-90-10-50.jpg": 21,
    "images/avatar-10-90-90-50.jpg": 25,
    "images/avatar-10-10-90-50.jpg": 29
}