{
    "images/avatar-90-50-50-10.jpg": 76,
    "images/avatar-50-90-10-10.jpg": 89,
    "images/avatar-50-10-90-90.jpg": 31,
    "images/avatar-50-50-50-50.jpg": 70,
    "images/avatar-50-10-10-50.jpg": 75,
    "images/avatar-10-90-10-90.jpg": 37,
    "images/avatar-90-10-90-50.jpg": 39,
    "images/avatar-90-90-50-50.jpg": 78,
    "images/avatar-50-90-50-10.jpg": 60,
    "images/avatar-90-10-50-50.jpg": 37,
    "images/avatar-90-50-10-10.jpg": 64,
    "images/avatar-90-10-10-10.jpg": 82,
    "images/avatar-10-90-90-10.jpg": 86,
    "images/avatar-50-90-50-90.jpg": 55,
    "images/avatar-90-90-50-10.jpg": 69,
    "images/avatar-10-90-50-90.jpg": 32,
    "images/avatar-90-50-90-10.jpg": 73,
    "images/avatar-90-90-10-10.jpg": 74,
    "images/avatar-50-10-90-50.jpg": 27,
    "images/avatar-10-10-50-50.jpg": 48,
    "images/avatar-10-50-50-90.jpg": 25,
    "images/avatar-90-50-90-50.jpg": 56,
    "images/avatar-50-50-50-10.jpg": 88,
    "images/avatar-90-90-10-90.jpg": 44,
    "images/avatar-50-10-90-10.jpg": 71,
    "images/avatar-10-50-10-90.jpg": 20,
    "images/avatar-90-10-90-10.jpg": 63,
    "images/avatar-90-50-50-50.jpg": 85,
    "images/avatar-50-10-50-50.jpg": 64,
    "images/avatar-50-90-90-10.jpg": 42,
    "images/avatar-10-90-10-10.jpg": 66,
    "images/avatar-50-50-10-10.jpg": 83,
    "images/avatar-10-90-90-90.jpg": 18,
    "images/avatar-90-50-10-50.jpg": 45,
    "images/avatar-10-10-90-90.jpg": 23,
    "images/avatar-50-90-90-90.jpg": 30,
    "images/avatar-50-90-50-50.jpg": 88,
    "images/avatar-50-50-10-50.jpg": 85,
    "images/avatar-50-50-10-90.jpg": 30,
    "images/avatar-90-50-10-90.jpg": 13,
    "images/avatar-10-10-10-90.jpg": 40,
    "images/avatar-90-10-50-90.jpg": 25,
    "images/avatar-10-50-90-50.jpg": 51,
    "images/avatar-50-50-90-90.jpg": 31,
    "images/avatar-90-90-50-90.jpg": 39,
    "images/avatar-10-50-90-10.jpg": 84,
    "images/avatar-50-10-10-90.jpg": 60,
    "images/avatar-90-50-90-90.jpg": 38,
    "images/avatar-10-90-50-50.jpg": 53,
    "images/avatar-50-10-50-90.jpg": 31,
    "images/avatar-10-50-50-10.jpg": 62,
    "images/avatar-50-10-10-10.jpg": 64,
    "images/avatar-90-90-90-10.jpg": 58,
    "images/avatar-10-10-10-10.jpg": 32,
    "images/avatar-90-90-90-90.jpg": 41,
    "images/avatar-90-90-10-50.jpg": 66,
    "images/avatar-10-50-90-90.jpg": 27,
    "images/avatar-50-50-50-90.jpg": 32,
    "images/avatar-90-10-50-10.jpg": 72,
    "images/avatar-90-90-90-50.jpg": 79,
    "images/avatar-10-10-90-10.jpg": 71,
    "images/avatar-10-90-50-10.jpg": 79,
    "images/avatar-10-50-50-50.jpg": 54,
    "images/avatar-90-10-10-90.jpg": 72,
    "images/avatar-50-90-10-50.jpg": 85,
    "images/avatar-10-10-50-10.jpg": 67,
    "images/avatar-50-10-50-10.jpg": 80,
    "images/avatar-10-10-10-50.jpg": 67,
    "images/avatar-50-50-90-10.jpg": 63,
    "images/avatar-90-10-10-50.jpg": 78,
    "images/avatar-10-90-10-50.jpg": 58,
    "images/avatar-10-90-90-50.jpg": 75,
    "images/avatar-10-10-90-50.jpg": 55
}