{
    "images/avatar-90-50-50-10.jpg": 14,
    "images/avatar-50-90-10-10.jpg": 36,
    "images/avatar-50-10-90-90.jpg": 54,
    "images/avatar-50-50-50-50.jpg": 94,
    "images/avatar-50-10-10-50.jpg": 48,
    "images/avatar-10-90-10-90.jpg": 26,
    "images/avatar-90-10-90-50.jpg": 70,
    "images/avatar-90-90-50-50.jpg": 97,
    "images/avatar-50-90-50-10.jpg": 75,
    "images/avatar-90-10-50-50.jpg": 54,
    "images/avatar-90-50-10-10.jpg": 39,
    "images/avatar-90-10-10-10.jpg": 72,
    "images/avatar-10-90-90-10.jpg": 95,
    "images/avatar-50-90-50-90.jpg": 54,
    "images/avatar-90-90-50-10.jpg": 9,
    "images/avatar-10-90-50-90.jpg": 15,
    "images/avatar-90-50-90-10.jpg": 26,
    "images/avatar-90-90-10-10.jpg": 59,
    "images/avatar-50-10-90-50.jpg": 73,
    "images/avatar-10-10-50-50.jpg": 87,
    "images/avatar-10-50-50-90.jpg": 39,
    "images/avatar-90-50-90-50.jpg": 45,
    "images/avatar-50-50-50-10.jpg": 64,
    "images/avatar-90-90-10-90.jpg": 72,
    "images/avatar-50-10-90-10.jpg": 94,
    "images/avatar-10-50-10-90.jpg": 17,
    "images/avatar-90-10-90-10.jpg": 44,
    "images/avatar-90-50-50-50.jpg": 75,
    "images/avatar-50-10-50-50.jpg": 57,
    "images/avatar-50-90-90-10.jpg": 21,
    "images/avatar-10-90-10-10.jpg": 50,
    "images/avatar-50-50-10-10.jpg": 75,
    "images/avatar-10-90-90-90.jpg": 20,
    "images/avatar-90-50-10-50.jpg": 32,
    "images/avatar-10-10-90-90.jpg": 49,
    "images/avatar-50-90-90-90.jpg": 66,
    "images/avatar-50-90-50-50.jpg": 91,
    "images/avatar-50-50-10-50.jpg": 25,
    "images/avatar-50-50-10-90.jpg": 53,
    "images/avatar-90-50-10-90.jpg": 59,
    "images/avatar-10-10-10-90.jpg": 26,
    "images/avatar-90-10-50-90.jpg": 42,
    "images/avatar-10-50-90-50.jpg": 42,
    "images/avatar-50-50-90-90.jpg": 86,
    "images/avatar-90-90-50-90.jpg": 32,
    "images/avatar-10-50-90-10.jpg": 66,
    "images/avatar-50-10-10-90.jpg": 43,
    "images/avatar-90-50-90-90.jpg": 61,
    "images/avatar-10-90-50-50.jpg": 15,
    "images/avatar-50-10-50-90.jpg": 52,
    "images/avatar-10-50-50-10.jpg": 39,
    "images/avatar-50-10-10-10.jpg": 28,
    "images/avatar-90-90-90-10.jpg": 18,
    "images/avatar-10-10-10-10.jpg": 33,
    "images/avatar-90-90-90-90.jpg": 84,
    "images/avatar-90-90-10-50.jpg": 69,
    "images/avatar-10-50-90-90.jpg": 84,
    "images/avatar-50-50-50-90.jpg": 95,
    "images/avatar-90-10-50-10.jpg": 20,
    "images/avatar-90-90-90-50.jpg": 35,
    "images/avatar-10-10-90-10.jpg": 23,
    "images/avatar-10-90-50-10.jpg": 35,
    "images/avatar-10-50-50-50.jpg": 53,
    "images/avatar-90-10-10-90.jpg": 63,
    "images/avatar-50-90-10-50.jpg": 23,
    "images/avatar-10-10-50-10.jpg": 29,
    "images/avatar-50-10-50-10.jpg": 37,
    "images/avatar-10-10-10-50.jpg": 41,
    "images/avatar-50-50-90-10.jpg": 64,
    "images/avatar-90-10-10-50.jpg": 83,
    "images/avatar-10-90-10-50.jpg": 43,
    "images/avatar-10-90-90-50.jpg": 80,
    "images/avatar-10-10-90-50.jpg": 49
}