{
    "images/avatar-90-50-50-10.jpg": 76,
    "images/avatar-50-90-10-10.jpg": 57,
    "images/avatar-50-10-90-90.jpg": 77,
    "images/avatar-50-50-50-50.jpg": 82,
    "images/avatar-50-10-10-50.jpg": 69,
    "images/avatar-10-90-10-90.jpg": 62,
    "images/avatar-90-10-90-50.jpg": 74,
    "images/avatar-90-90-50-50.jpg": 60,
    "images/avatar-50-90-50-10.jpg": 82,
    "images/avatar-90-10-50-50.jpg": 71,
    "images/avatar-90-50-10-10.jpg": 80,
    "images/avatar-90-10-10-10.jpg": 62,
    "images/avatar-10-90-90-10.jpg": 78,
    "images/avatar-50-90-50-90.jpg": 77,
    "images/avatar-90-90-50-10.jpg": 80,
    "images/avatar-10-90-50-90.jpg": 74,
    "images/avatar-90-50-90-10.jpg": 84,
    "images/avatar-90-90-10-10.jpg": 70,
    "images/avatar-50-10-90-50.jpg": 88,
    "images/avatar-10-10-50-50.jpg": 84,
    "images/avatar-10-50-50-90.jpg": 88,
    "images/avatar-90-50-90-50.jpg": 71,
    "images/avatar-50-50-50-10.jpg": 85,
    "images/avatar-90-90-10-90.jpg": 71,
    "images/avatar-50-10-90-10.jpg": 86,
    "images/avatar-10-50-10-90.jpg": 85,
    "images/avatar-90-10-90-10.jpg": 85,
    "images/avatar-90-50-50-50.jpg": 69,
    "images/avatar-50-10-50-50.jpg": 84,
    "images/avatar-50-90-90-10.jpg": 85,
    "images/avatar-10-90-10-10.jpg": 80,
    "images/avatar-50-50-10-10.jpg": 80,
    "images/avatar-10-90-90-90.jpg": 78,
    "images/avatar-90-50-10-50.jpg": 77,
    "images/avatar-10-10-90-90.jpg": 72,
    "images/avatar-50-90-90-90.jpg": 85,
    "images/avatar-50-90-50-50.jpg": 76,
    "images/avatar-50-50-10-50.jpg": 84,
    "images/avatar-50-50-10-90.jpg": 79,
    "images/avatar-90-50-10-90.jpg": 65,
    "images/avatar-10-10-10-90.jpg": 76,
    "images/avatar-90-10-50-90.jpg": 71,
    "images/avatar-10-50-90-50.jpg": 77,
    "images/avatar-50-50-90-90.jpg": 80,
    "images/avatar-90-90-50-90.jpg": 89,
    "images/avatar-10-50-90-10.jpg": 79,
    "images/avatar-50-10-10-90.jpg": 87,
    "images/avatar-90-50-90-90.jpg": 88,
    "images/avatar-10-90-50-50.jpg": 80,
    "images/avatar-50-10-50-90.jpg": 90,
    "images/avatar-10-50-50-10.jpg": 86,
    "images/avatar-50-10-10-10.jpg": 88,
    "images/avatar-90-90-90-10.jpg": 77,
    "images/avatar-10-10-10-10.jpg": 79,
    "images/avatar-90-90-90-90.jpg": 90,
    "images/avatar-90-90-10-50.jpg": 77,
    "images/avatar-10-50-90-90.jpg": 69,
    "images/avatar-50-50-50-90.jpg": 79,
    "images/avatar-90-10-50-10.jpg": 69,
    "images/avatar-90-90-90-50.jpg": 84,
    "images/avatar-10-10-90-10.jpg": 72,
    "images/avatar-10-90-50-10.jpg": 56,
    "images/avatar-10-50-50-50.jpg": 54,
    "images/avatar-90-10-10-90.jpg": 72,
    "images/avatar-50-90-10-50.jpg": 84,
    "images/avatar-10-10-50-10.jpg": 76,
    "images/avatar-50-10-50-10.jpg": 76,
    "images/avatar-10-10-10-50.jpg": 76,
    "images/avatar-50-50-90-10.jpg": 76,
    "images/avatar-90-10-10-50.jpg": 85,
    "images/avatar-10-90-10-50.jpg": 57,
    "images/avatar-10-90-90-50.jpg": 85,
    "images/avatar-10-10-90-50.jpg": 78
}