{
    "images/avatar-90-50-50-10.jpg": 28,
    "images/avatar-50-90-10-10.jpg": 49,
    "images/avatar-50-10-90-90.jpg": 36,
    "images/avatar-50-50-50-50.jpg": 56,
    "images/avatar-50-10-10-50.jpg": 33,
    "images/avatar-10-90-10-90.jpg": 12,
    "images/avatar-90-10-90-50.jpg": 58,
    "images/avatar-90-90-50-50.jpg": 75,
    "images/avatar-50-90-50-10.jpg": 53,
    "images/avatar-90-10-50-50.jpg": 22,
    "images/avatar-90-50-10-10.jpg": 27,
    "images/avatar-90-10-10-10.jpg": 63,
    "images/avatar-10-90-90-10.jpg": 26,
    "images/avatar-50-90-50-90.jpg": 11,
    "images/avatar-90-90-50-10.jpg": 40,
    "images/avatar-10-90-50-90.jpg": 8,
    "images/avatar-90-50-90-10.jpg": 14,
    "images/avatar-90-90-10-10.jpg": 47,
    "images/avatar-50-10-90-50.jpg": 64,
    "images/avatar-10-10-50-50.jpg": 43,
    "images/avatar-10-50-50-90.jpg": 7,
    "images/avatar-90-50-90-50.jpg": 19,
    "images/avatar-50-50-50-10.jpg": 14,
    "images/avatar-90-90-10-90.jpg": 23,
    "images/avatar-50-10-90-10.jpg": 46,
    "images/avatar-10-50-10-90.jpg": 12,
    "images/avatar-90-10-90-10.jpg": 15,
    "images/avatar-90-50-50-50.jpg": 60,
    "images/avatar-50-10-50-50.jpg": 65,
    "images/avatar-50-90-90-10.jpg": 21,
    "images/avatar-10-90-10-10.jpg": 23,
    "images/avatar-50-50-10-10.jpg": 11,
    "images/avatar-10-90-90-90.jpg": 22,
    "images/avatar-90-50-10-50.jpg": 78,
    "images/avatar-10-10-90-90.jpg": 23,
    "images/avatar-50-90-90-90.jpg": 22,
    "images/avatar-50-90-50-50.jpg": 76,
    "images/avatar-50-50-10-50.jpg": 75,
    "images/avatar-50-50-10-90.jpg": 19,
    "images/avatar-90-50-10-90.jpg": 28,
    "images/avatar-10-10-10-90.jpg": 17,
    "images/avatar-90-10-50-90.jpg": 26,
    "images/avatar-10-50-90-50.jpg": 55,
    "images/avatar-50-50-90-90.jpg": 23,
    "images/avatar-90-90-50-90.jpg": 10,
    "images/avatar-10-50-90-10.jpg": 14,
    "images/avatar-50-10-10-90.jpg": 11,
    "images/avatar-90-50-90-90.jpg": 18,
    "images/avatar-10-90-50-50.jpg": 75,
    "images/avatar-50-10-50-90.jpg": 28,
    "images/avatar-10-50-50-10.jpg": 16,
    "images/avatar-50-10-10-10.jpg": 12,
    "images/avatar-90-90-90-10.jpg": 11,
    "images/avatar-10-10-10-10.jpg": 10,
    "images/avatar-90-90-90-90.jpg": 18,
    "images/avatar-90-90-10-50.jpg": 74,
    "images/avatar-10-50-90-90.jpg": 18,
    "images/avatar-50-50-50-90.jpg": 27,
    "images/avatar-90-10-50-10.jpg": 8,
    "images/avatar-90-90-90-50.jpg": 71,
    "images/avatar-10-10-90-10.jpg": 25,
    "images/avatar-10-90-50-10.jpg": 12,
    "images/avatar-10-50-50-50.jpg": 66,
    "images/avatar-90-10-10-90.jpg": 14,
    "images/avatar-50-90-10-50.jpg": 82,
    "images/avatar-10-10-50-10.jpg": 20,
    "images/avatar-50-10-50-10.jpg": 11,
    "images/avatar-10-10-10-50.jpg": 72,
    "images/avatar-50-50-90-10.jpg": 22,
    "images/avatar-90-10-10-50.jpg": 60,
    "images/avatar-10-90-10-50.jpg": 82,
    "images/avatar-10-90-90-50.jpg": 43,
    "images/avatar-10-10-90-50.jpg": 63
}