{
    "images/avatar-90-50-50-10.jpg": 65,
    "images/avatar-50-90-10-10.jpg": 63,
    "images/avatar-50-10-90-90.jpg": 47,
    "images/avatar-50-50-50-50.jpg": 75,
    "images/avatar-50-10-10-50.jpg": 66,
    "images/avatar-10-90-10-90.jpg": 44,
    "images/avatar-90-10-90-50.jpg": 15,
    "images/avatar-90-90-50-50.jpg": 33,
    "images/avatar-50-90-50-10.jpg": 59,
    "images/avatar-90-10-50-50.jpg": 31,
    "images/avatar-90-50-10-10.jpg": 72,
    "images/avatar-90-10-10-10.jpg": 31,
    "images/avatar-10-90-90-10.jpg": 81,
    "images/avatar-50-90-50-90.jpg": 63,
    "images/avatar-90-90-50-10.jpg": 65,
    "images/avatar-10-90-50-90.jpg": 35,
    "images/avatar-90-50-90-10.jpg": 29,
    "images/avatar-90-90-10-10.jpg": 37,
    "images/avatar-50-10-90-50.jpg": 68,
    "images/avatar-10-10-50-50.jpg": 45,
    "images/avatar-10-50-50-90.jpg": 74,
    "images/avatar-90-50-90-50.jpg": 25,
    "images/avatar-50-50-50-10.jpg": 70,
    "images/avatar-90-90-10-90.jpg": 26,
    "images/avatar-50-10-90-10.jpg": 74,
    "images/avatar-10-50-10-90.jpg": 35,
    "images/avatar-90-10-90-10.jpg": 78,
    "images/avatar-90-50-50-50.jpg": 42,
    "images/avatar-50-10-50-50.jpg": 72,
    "images/avatar-50-90-90-10.jpg": 24,
    "images/avatar-10-90-10-10.jpg": 78,
    "images/avatar-50-50-10-10.jpg": 24,
    "images/avatar-10-90-90-90.jpg": 70,
    "images/avatar-90-50-10-50.jpg": 54,
    "images/avatar-10-10-90-90.jpg": 73,
    "images/avatar-50-90-90-90.jpg": 23,
    "images/avatar-50-90-50-50.jpg": 78,
    "images/avatar-50-50-10-50.jpg": 32,
    "images/avatar-50-50-10-90.jpg": 72,
    "images/avatar-90-50-10-90.jpg": 46,
    "images/avatar-10-10-10-90.jpg": 64,
    "images/avatar-90-10-50-90.jpg": 46,
    "images/avatar-10-50-90-50.jpg": 84,
    "images/avatar-50-50-90-90.jpg": 30,
    "images/avatar-90-90-50-90.jpg": 44,
    "images/avatar-10-50-90-10.jpg": 71,
    "images/avatar-50-10-10-90.jpg": 18,
    "images/avatar-90-50-90-90.jpg": 59,
    "images/avatar-10-90-50-50.jpg": 19,
    "images/avatar-50-10-50-90.jpg": 65,
    "images/avatar-10-50-50-10.jpg": 73,
    "images/avatar-50-10-10-10.jpg": 45,
    "images/avatar-90-90-90-10.jpg": 81,
    "images/avatar-10-10-10-10.jpg": 46,
    "images/avatar-90-90-90-90.jpg": 45,
    "images/avatar-90-90-10-50.jpg": 39,
    "images/avatar-10-50-90-90.jpg": 73,
    "images/avatar-50-50-50-90.jpg": 37,
    "images/avatar-90-10-50-10.jpg": 75,
    "images/avatar-90-90-90-50.jpg": 43,
    "images/avatar-10-10-90-10.jpg": 79,
    "images/avatar-10-90-50-10.jpg": 40,
    "images/avatar-10-50-50-50.jpg": 76,
    "images/avatar-90-10-10-90.jpg": 43,
    "images/avatar-50-90-10-50.jpg": 75,
    "images/avatar-10-10-50-10.jpg": 45,
    "images/avatar-50-10-50-10.jpg": 83,
    "images/avatar-10-10-10-50.jpg": 46,
    "images/avatar-50-50-90-10.jpg": 79,
    "images/avatar-90-10-10-50.jpg": 31,
    "images/avatar-10-90-10-50.jpg": 69,
    "images/avatar-10-90-90-50.jpg": 43,
    "images/avatar-10-10-90-50.jpg": 78
}