{
    "images/avatar-90-50-50-10.jpg": 77,
    "images/avatar-50-90-10-10.jpg": 80,
    "images/avatar-50-10-90-90.jpg": 25,
    "images/avatar-50-50-50-50.jpg": 19,
    "images/avatar-50-10-10-50.jpg": 25,
    "images/avatar-10-90-10-90.jpg": 74,
    "images/avatar-90-10-90-50.jpg": 19,
    "images/avatar-90-90-50-50.jpg": 65,
    "images/avatar-50-90-50-10.jpg": 68,
    "images/avatar-90-10-50-50.jpg": 32,
    "images/avatar-90-50-10-10.jpg": 8,
    "images/avatar-90-10-10-10.jpg": 77,
    "images/avatar-10-90-90-10.jpg": 24,
    "images/avatar-50-90-50-90.jpg": 29,
    "images/avatar-90-90-50-10.jpg": 82,
    "images/avatar-10-90-50-90.jpg": 40,
    "images/avatar-90-50-90-10.jpg": 72,
    "images/avatar-90-90-10-10.jpg": 52,
    "images/avatar-50-10-90-50.jpg": 74,
    "images/avatar-10-10-50-50.jpg": 28,
    "images/avatar-10-50-50-90.jpg": 71,
    "images/avatar-90-50-90-50.jpg": 62,
    "images/avatar-50-50-50-10.jpg": 34,
    "images/avatar-90-90-10-90.jpg": 74,
    "images/avatar-50-10-90-10.jpg": 49,
    "images/avatar-10-50-10-90.jpg": 82,
    "images/avatar-90-10-90-10.jpg": 62,
    "images/avatar-90-50-50-50.jpg": 76,
    "images/avatar-50-10-50-50.jpg": 40,
    "images/avatar-50-90-90-10.jpg": 80,
    "images/avatar-10-90-10-10.jpg": 19,
    "images/avatar-50-50-10-10.jpg": 46,
    "images/avatar-10-90-90-90.jpg": 86,
    "images/avatar-90-50-10-50.jpg": 46,
    "images/avatar-10-10-90-90.jpg": 23,
    "images/avatar-50-90-90-90.jpg": 77,
    "images/avatar-50-90-50-50.jpg": 48,
    "images/avatar-50-50-10-50.jpg": 56,
    "images/avatar-50-50-10-90.jpg": 78,
    "images/avatar-90-50-10-90.jpg": 29,
    "images/avatar-10-10-10-90.jpg": 58,
    "images/avatar-90-10-50-90.jpg": 79,
    "images/avatar-10-50-90-50.jpg": 30,
    "images/avatar-50-50-90-90.jpg": 82,
    "images/avatar-90-90-50-90.jpg": 47,
    "images/avatar-10-50-90-10.jpg": 84,
    "images/avatar-50-10-10-90.jpg": 27,
    "images/avatar-90-50-90-90.jpg": 58,
    "images/avatar-10-90-50-50.jpg": 84,
    "images/avatar-50-10-50-90.jpg": 23,
    "images/avatar-10-50-50-10.jpg": 53,
    "images/avatar-50-10-10-10.jpg": 29,
    "images/avatar-90-90-90-10.jpg": 63,
    "images/avatar-10-10-10-10.jpg": 32,
    "images/avatar-90-90-90-90.jpg": 87,
    "images/avatar-90-90-10-50.jpg": 97,
    "images/avatar-10-50-90-90.jpg": 58,
    "images/avatar-50-50-50-90.jpg": 30,
    "images/avatar-90-10-50-10.jpg": 68,
    "images/avatar-90-90-90-50.jpg": 54,
    "images/avatar-10-10-90-10.jpg": 19,
    "images/avatar-10-90-50-10.jpg": 72,
    "images/avatar-10-50-50-50.jpg": 36,
    "images/avatar-90-10-10-90.jpg": 65,
    "images/avatar-50-90-10-50.jpg": 37,
    "images/avatar-10-10-50-10.jpg": 10,
    "images/avatar-50-10-50-10.jpg": 79,
    "images/avatar-10-10-10-50.jpg": 47,
    "images/avatar-50-50-90-10.jpg": 68,
    "images/avatar-90-10-10-50.jpg": 92,
    "images/avatar-10-90-10-50.jpg": 43,
    "images/avatar-10-90-90-50.jpg": 63,
    "images/avatar-10-10-90-50.jpg": 47
}