{
    "images/avatar-90-50-50-10.jpg": 57,
    "images/avatar-50-90-10-10.jpg": 79,
    "images/avatar-50-10-90-90.jpg": 7,
    "images/avatar-50-50-50-50.jpg": 23,
    "images/avatar-50-10-10-50.jpg": 10,
    "images/avatar-10-90-10-90.jpg": 10,
    "images/avatar-90-10-90-50.jpg": 17,
    "images/avatar-90-90-50-50.jpg": 93,
    "images/avatar-50-90-50-10.jpg": 97,
    "images/avatar-90-10-50-50.jpg": 13,
    "images/avatar-90-50-10-10.jpg": 42,
    "images/avatar-90-10-10-10.jpg": 21,
    "images/avatar-10-90-90-10.jpg": 93,
    "images/avatar-50-90-50-90.jpg": 27,
    "images/avatar-90-90-50-10.jpg": 45,
    "images/avatar-10-90-50-90.jpg": 11,
    "images/avatar-90-50-90-10.jpg": 71,
    "images/avatar-90-90-10-10.jpg": 96,
    "images/avatar-50-10-90-50.jpg": 17,
    "images/avatar-10-10-50-50.jpg": 18,
    "images/avatar-10-50-50-90.jpg": 4,
    "images/avatar-90-50-90-50.jpg": 7,
    "images/avatar-50-50-50-10.jpg": 64,
    "images/avatar-90-90-10-90.jpg": 14,
    "images/avatar-50-10-90-10.jpg": 54,
    "images/avatar-10-50-10-90.jpg": 17,
    "images/avatar-90-10-90-10.jpg": 75,
    "images/avatar-90-50-50-50.jpg": 43,
    "images/avatar-50-10-50-50.jpg": 69,
    "images/avatar-50-90-90-10.jpg": 99,
    "images/avatar-10-90-10-10.jpg": 68,
    "images/avatar-50-50-10-10.jpg": 46,
    "images/avatar-10-90-90-90.jpg": 8,
    "images/avatar-90-50-10-50.jpg": 13,
    "images/avatar-10-10-90-90.jpg": 12,
    "images/avatar-50-90-90-90.jpg": 6,
    "images/avatar-50-90-50-50.jpg": 34,
    "images/avatar-50-50-10-50.jpg": 25,
    "images/avatar-50-50-10-90.jpg": 6,
    "images/avatar-90-50-10-90.jpg": 9,
    "images/avatar-10-10-10-90.jpg": 9,
    "images/avatar-90-10-50-90.jpg": 1,
    "images/avatar-10-50-90-50.jpg": 8,
    "images/avatar-50-50-90-90.jpg": 5,
    "images/avatar-90-90-50-90.jpg": 7,
    "images/avatar-10-50-90-10.jpg": 40,
    "images/avatar-50-10-10-90.jpg": 14,
    "images/avatar-90-50-90-90.jpg": 11,
    "images/avatar-10-90-50-50.jpg": 43,
    "images/avatar-50-10-50-90.jpg": 8,
    "images/avatar-10-50-50-10.jpg": 52,
    "images/avatar-50-10-10-10.jpg": 53,
    "images/avatar-90-90-90-10.jpg": 39,
    "images/avatar-10-10-10-10.jpg": 51,
    "images/avatar-90-90-90-90.jpg": 7,
    "images/avatar-90-90-10-50.jpg": 48,
    "images/avatar-10-50-90-90.jpg": 14,
    "images/avatar-50-50-50-90.jpg": 16,
    "images/avatar-90-10-50-10.jpg": 39,
    "images/avatar-90-90-90-50.jpg": 31,
    "images/avatar-10-10-90-10.jpg": 64,
    "images/avatar-10-90-50-10.jpg": 89,
    "images/avatar-10-50-50-50.jpg": 46,
    "images/avatar-90-10-10-90.jpg": 1,
    "images/avatar-50-90-10-50.jpg": 36,
    "images/avatar-10-10-50-10.jpg": 36,
    "images/avatar-50-10-50-10.jpg": 36,
    "images/avatar-10-10-10-50.jpg": 42,
    "images/avatar-50-50-90-10.jpg": 74,
    "images/avatar-90-10-10-50.jpg": 5,
    "images/avatar-10-90-10-50.jpg": 47,
    "images/avatar-10-90-90-50.jpg": 35,
    "images/avatar-10-10-90-50.jpg": 13
}