{
    "images/avatar-90-50-50-10.jpg": 63,
    "images/avatar-50-90-10-10.jpg": 51,
    "images/avatar-50-10-90-90.jpg": 14,
    "images/avatar-50-50-50-50.jpg": 64,
    "images/avatar-50-10-10-50.jpg": 75,
    "images/avatar-10-90-10-90.jpg": 16,
    "images/avatar-90-10-90-50.jpg": 35,
    "images/avatar-90-90-50-50.jpg": 79,
    "images/avatar-50-90-50-10.jpg": 51,
    "images/avatar-90-10-50-50.jpg": 16,
    "images/avatar-90-50-10-10.jpg": 27,
    "images/avatar-90-10-10-10.jpg": 55,
    "images/avatar-10-90-90-10.jpg": 43,
    "images/avatar-50-90-50-90.jpg": 14,
    "images/avatar-90-90-50-10.jpg": 44,
    "images/avatar-10-90-50-90.jpg": 16,
    "images/avatar-90-50-90-10.jpg": 32,
    "images/avatar-90-90-10-10.jpg": 49,
    "images/avatar-50-10-90-50.jpg": 28,
    "images/avatar-10-10-50-50.jpg": 51,
    "images/avatar-10-50-50-90.jpg": 23,
    "images/avatar-90-50-90-50.jpg": 62,
    "images/avatar-50-50-50-10.jpg": 35,
    "images/avatar-90-90-10-90.jpg": 13,
    "images/avatar-50-10-90-10.jpg": 44,
    "images/avatar-10-50-10-90.jpg": 23,
    "images/avatar-90-10-90-10.jpg": 44,
    "images/avatar-90-50-50-50.jpg": 77,
    "images/avatar-50-10-50-50.jpg": 74,
    "images/avatar-50-90-90-10.jpg": 52,
    "images/avatar-10-90-10-10.jpg": 74,
    "images/avatar-50-50-10-10.jpg": 68,
    "images/avatar-10-90-90-90.jpg": 17,
    "images/avatar-90-50-10-50.jpg": 70,
    "images/avatar-10-10-90-90.jpg": 22,
    "images/avatar-50-90-90-90.jpg": 13,
    "images/avatar-50-90-50-50.jpg": 46,
    "images/avatar-50-50-10-50.jpg": 63,
    "images/avatar-50-50-10-90.jpg": 21,
    "images/avatar-90-50-10-90.jpg": 25,
    "images/avatar-10-10-10-90.jpg": 9,
    "images/avatar-90-10-50-90.jpg": 34,
    "images/avatar-10-50-90-50.jpg": 44,
    "images/avatar-50-50-90-90.jpg": 13,
    "images/avatar-90-90-50-90.jpg": 11,
    "images/avatar-10-50-90-10.jpg": 25,
    "images/avatar-50-10-10-90.jpg": 13,
    "images/avatar-90-50-90-90.jpg": 14,
    "images/avatar-10-90-50-50.jpg": 72,
    "images/avatar-50-10-50-90.jpg": 9,
    "images/avatar-10-50-50-10.jpg": 42,
    "images/avatar-50-10-10-10.jpg": 58,
    "images/avatar-90-90-90-10.jpg": 57,
    "images/avatar-10-10-10-10.jpg": 69,
    "images/avatar-90-90-90-90.jpg": 24,
    "images/avatar-90-90-10-50.jpg": 68,
    "images/avatar-10-50-90-90.jpg": 34,
    "images/avatar-50-50-50-90.jpg": 79,
    "images/avatar-90-10-50-10.jpg": 75,
    "images/avatar-90-90-90-50.jpg": 69,
    "images/avatar-10-10-90-10.jpg": 46,
    "images/avatar-10-90-50-10.jpg": 66,
    "images/avatar-10-50-50-50.jpg": 77,
    "images/avatar-90-10-10-90.jpg": 19,
    "images/avatar-50-90-10-50.jpg": 62,
    "images/avatar-10-10-50-10.jpg": 28,
    "images/avatar-50-10-50-10.jpg": 65,
    "images/avatar-10-10-10-50.jpg": 79,
    "images/avatar-50-50-90-10.jpg": 25,
    "images/avatar-90-10-10-50.jpg": 74,
    "images/avatar-10-90-10-50.jpg": 78,
    "images/avatar-10-90-90-50.jpg": 63,
    "images/avatar-10-10-90-50.jpg": 84
}