{
    "images/avatar-90-50-50-10.jpg": 30,
    "images/avatar-50-90-10-10.jpg": 47,
    "images/avatar-50-10-90-90.jpg": 54,
    "images/avatar-50-50-50-50.jpg": 29,
    "images/avatar-50-10-10-50.jpg": 66,
    "images/avatar-10-90-10-90.jpg": 30,
    "images/avatar-90-10-90-50.jpg": 53,
    "images/avatar-90-90-50-50.jpg": 30,
    "images/avatar-50-90-50-10.jpg": 51,
    "images/avatar-90-10-50-50.jpg": 52,
    "images/avatar-90-50-10-10.jpg": 33,
    "images/avatar-90-10-10-10.jpg": 37,
    "images/avatar-10-90-90-10.jpg": 60,
    "images/avatar-50-90-50-90.jpg": 47,
    "images/avatar-90-90-50-10.jpg": 48,
    "images/avatar-10-90-50-90.jpg": 40,
    "images/avatar-90-50-90-10.jpg": 46,
    "images/avatar-90-90-10-10.jpg": 33,
    "images/avatar-50-10-90-50.jpg": 59,
    "images/avatar-10-10-50-50.jpg": 33,
    "images/avatar-10-50-50-90.jpg": 72,
    "images/avatar-90-50-90-50.jpg": 29,
    "images/avatar-50-50-50-10.jpg": 58,
    "images/avatar-90-90-10-90.jpg": 37,
    "images/avatar-50-10-90-10.jpg": 67,
    "images/avatar-10-50-10-90.jpg": 43,
    "images/avatar-90-10-90-10.jpg": 61,
    "images/avatar-90-50-50-50.jpg": 40,
    "images/avatar-50-10-50-50.jpg": 64,
    "images/avatar-50-90-90-10.jpg": 27,
    "images/avatar-10-90-10-10.jpg": 49,
    "images/avatar-50-50-10-10.jpg": 74,
    "images/avatar-10-90-90-90.jpg": 36,
    "images/avatar-90-50-10-50.jpg": 48,
    "images/avatar-10-10-90-90.jpg": 67,
    "images/avatar-50-90-90-90.jpg": 29,
    "images/avatar-50-90-50-50.jpg": 53,
    "images/avatar-50-50-10-50.jpg": 37,
    "images/avatar-50-50-10-90.jpg": 59,
    "images/avatar-90-50-10-90.jpg": 30,
    "images/avatar-10-10-10-90.jpg": 52,
    "images/avatar-90-10-50-90.jpg": 34,
    "images/avatar-10-50-90-50.jpg": 52,
    "images/avatar-50-50-90-90.jpg": 34,
    "images/avatar-90-90-50-90.jpg": 67,
    "images/avatar-10-50-90-10.jpg": 42,
    "images/avatar-50-10-10-90.jpg": 62,
    "images/avatar-90-50-90-90.jpg": 39,
    "images/avatar-10-90-50-50.jpg": 69,
    "images/avatar-50-10-50-90.jpg": 18,
    "images/avatar-10-50-50-10.jpg": 73,
    "images/avatar-50-10-10-10.jpg": 68,
    "images/avatar-90-90-90-10.jpg": 69,
    "images/avatar-10-10-10-10.jpg": 23,
    "images/avatar-90-90-90-90.jpg": 47,
    "images/avatar-90-90-10-50.jpg": 26,
    "images/avatar-10-50-90-90.jpg": 72,
    "images/avatar-50-50-50-90.jpg": 31,
    "images/avatar-90-10-50-10.jpg": 72,
    "images/avatar-90-90-90-50.jpg": 23,
    "images/avatar-10-10-90-10.jpg": 63,
    "images/avatar-10-90-50-10.jpg": 26,
    "images/avatar-10-50-50-50.jpg": 55,
    "images/avatar-90-10-10-90.jpg": 33,
    "images/avatar-50-90-10-50.jpg": 67,
    "images/avatar-10-10-50-10.jpg": 26,
    "images/avatar-50-10-50-10.jpg": 73,
    "images/avatar-10-10-10-50.jpg": 23,
    "images/avatar-50-50-90-10.jpg": 40,
    "images/avatar-90-10-10-50.jpg": 68,
    "images/avatar-10-90-10-50.jpg": 32,
    "images/avatar-10-90-90-50.jpg": 25,
    "images/avatar-10-10-90-50.jpg": 39
}