{
    "images/avatar-90-50-50-10.jpg": 3,
    "images/avatar-50-90-10-10.jpg": 2,
    "images/avatar-50-10-90-90.jpg": 3,
    "images/avatar-50-50-50-50.jpg": 3,
    "images/avatar-50-10-10-50.jpg": 2,
    "images/avatar-10-90-10-90.jpg": 2,
    "images/avatar-90-10-90-50.jpg": 2,
    "images/avatar-90-90-50-50.jpg": 2,
    "images/avatar-50-90-50-10.jpg": 2,
    "images/avatar-90-10-50-50.jpg": 5,
    "images/avatar-90-50-10-10.jpg": 4,
    "images/avatar-90-10-10-10.jpg": 2,
    "images/avatar-10-90-90-10.jpg": 3,
    "images/avatar-50-90-50-90.jpg": 2,
    "images/avatar-90-90-50-10.jpg": 2,
    "images/avatar-10-90-50-90.jpg": 2,
    "images/avatar-90-50-90-10.jpg": 3,
    "images/avatar-90-90-10-10.jpg": 3,
    "images/avatar-50-10-90-50.jpg": 2,
    "images/avatar-10-10-50-50.jpg": 2,
    "images/avatar-10-50-50-90.jpg": 2,
    "images/avatar-90-50-90-50.jpg": 2,
    "images/avatar-50-50-50-10.jpg": 3,
    "images/avatar-90-90-10-90.jpg": 2,
    "images/avatar-50-10-90-10.jpg": 2,
    "images/avatar-10-50-10-90.jpg": 2,
    "images/avatar-90-10-90-10.jpg": 3,
    "images/avatar-90-50-50-50.jpg": 2,
    "images/avatar-50-10-50-50.jpg": 2,
    "images/avatar-50-90-90-10.jpg": 2,
    "images/avatar-10-90-10-10.jpg": 2,
    "images/avatar-50-50-10-10.jpg": 3,
    "images/avatar-10-90-90-90.jpg": 2,
    "images/avatar-90-50-10-50.jpg": 2,
    "images/avatar-10-10-90-90.jpg": 3,
    "images/avatar-50-90-90-90.jpg": 2,
    "images/avatar-50-90-50-50.jpg": 2,
    "images/avatar-50-50-10-50.jpg": 2,
    "images/avatar-50-50-10-90.jpg": 2,
    "images/avatar-90-50-10-90.jpg": 2,
    "images/avatar-10-10-10-90.jpg": 3,
    "images/avatar-90-10-50-90.jpg": 2,
    "images/avatar-10-50-90-50.jpg": 2,
    "images/avatar-50-50-90-90.jpg": 2,
    "images/avatar-90-90-50-90.jpg": 3,
    "images/avatar-10-50-90-10.jpg": 3,
    "images/avatar-50-10-10-90.jpg": 2,
    "images/avatar-90-50-90-90.jpg": 2,
    "images/avatar-10-90-50-50.jpg": 2,
    "images/avatar-50-10-50-90.jpg": 3,
    "images/avatar-10-50-50-10.jpg": 100,
    "images/avatar-50-10-10-10.jpg": 2,
    "images/avatar-90-90-90-10.jpg": 3,
    "images/avatar-10-10-10-10.jpg": 2,
    "images/avatar-90-90-90-90.jpg": 2,
    "images/avatar-90-90-10-50.jpg": 2,
    "images/avatar-10-50-90-90.jpg": 3,
    "images/avatar-50-50-50-90.jpg": 2,
    "images/avatar-90-10-50-10.jpg": 2,
    "images/avatar-90-90-90-50.jpg": 2,
    "images/avatar-10-10-90-10.jpg": 2,
    "images/avatar-10-90-50-10.jpg": 3,
    "images/avatar-10-50-50-50.jpg": 2,
    "images/avatar-90-10-10-90.jpg": 2,
    "images/avatar-50-90-10-50.jpg": 2,
    "images/avatar-10-10-50-10.jpg": 2,
    "images/avatar-50-10-50-10.jpg": 3,
    "images/avatar-10-10-10-50.jpg": 2,
    "images/avatar-50-50-90-10.jpg": 2,
    "images/avatar-90-10-10-50.jpg": 2,
    "images/avatar-10-90-10-50.jpg": 2,
    "images/avatar-10-90-90-50.jpg": 2,
    "images/avatar-10-10-90-50.jpg": 2
}