{
    "images/avatar-90-50-50-10.jpg": 87,
    "images/avatar-50-90-10-10.jpg": 88,
    "images/avatar-50-10-90-90.jpg": 11,
    "images/avatar-50-50-50-50.jpg": 54,
    "images/avatar-50-10-10-50.jpg": 66,
    "images/avatar-10-90-10-90.jpg": 22,
    "images/avatar-90-10-90-50.jpg": 47,
    "images/avatar-90-90-50-50.jpg": 91,
    "images/avatar-50-90-50-10.jpg": 86,
    "images/avatar-90-10-50-50.jpg": 54,
    "images/avatar-90-50-10-10.jpg": 91,
    "images/avatar-90-10-10-10.jpg": 89,
    "images/avatar-10-90-90-10.jpg": 82,
    "images/avatar-50-90-50-90.jpg": 11,
    "images/avatar-90-90-50-10.jpg": 84,
    "images/avatar-10-90-50-90.jpg": 13,
    "images/avatar-90-50-90-10.jpg": 87,
    "images/avatar-90-90-10-10.jpg": 87,
    "images/avatar-50-10-90-50.jpg": 55,
    "images/avatar-10-10-50-50.jpg": 52,
    "images/avatar-10-50-50-90.jpg": 8,
    "images/avatar-90-50-90-50.jpg": 51,
    "images/avatar-50-50-50-10.jpg": 87,
    "images/avatar-90-90-10-90.jpg": 16,
    "images/avatar-50-10-90-10.jpg": 88,
    "images/avatar-10-50-10-90.jpg": 11,
    "images/avatar-90-10-90-10.jpg": 85,
    "images/avatar-90-50-50-50.jpg": 52,
    "images/avatar-50-10-50-50.jpg": 70,
    "images/avatar-50-90-90-10.jpg": 87,
    "images/avatar-10-90-10-10.jpg": 79,
    "images/avatar-50-50-10-10.jpg": 84,
    "images/avatar-10-90-90-90.jpg": 13,
    "images/avatar-90-50-10-50.jpg": 58,
    "images/avatar-10-10-90-90.jpg": 14,
    "images/avatar-50-90-90-90.jpg": 15,
    "images/avatar-50-90-50-50.jpg": 51,
    "images/avatar-50-50-10-50.jpg": 55,
    "images/avatar-50-50-10-90.jpg": 14,
    "images/avatar-90-50-10-90.jpg": 16,
    "images/avatar-10-10-10-90.jpg": 19,
    "images/avatar-90-10-50-90.jpg": 13,
    "images/avatar-10-50-90-50.jpg": 58,
    "images/avatar-50-50-90-90.jpg": 11,
    "images/avatar-90-90-50-90.jpg": 15,
    "images/avatar-10-50-90-10.jpg": 90,
    "images/avatar-50-10-10-90.jpg": 16,
    "images/avatar-90-50-90-90.jpg": 16,
    "images/avatar-10-90-50-50.jpg": 55,
    "images/avatar-50-10-50-90.jpg": 7,
    "images/avatar-10-50-50-10.jpg": 85,
    "images/avatar-50-10-10-10.jpg": 84,
    "images/avatar-90-90-90-10.jpg": 89,
    "images/avatar-10-10-10-10.jpg": 85,
    "images/avatar-90-90-90-90.jpg": 14,
    "images/avatar-90-90-10-50.jpg": 90,
    "images/avatar-10-50-90-90.jpg": 11,
    "images/avatar-50-50-50-90.jpg": 9,
    "images/avatar-90-10-50-10.jpg": 11,
    "images/avatar-90-90-90-50.jpg": 85,
    "images/avatar-10-10-90-10.jpg": 90,
    "images/avatar-10-90-50-10.jpg": 87,
    "images/avatar-10-50-50-50.jpg": 52,
    "images/avatar-90-10-10-90.jpg": 10,
    "images/avatar-50-90-10-50.jpg": 48,
    "images/avatar-10-10-50-10.jpg": 91,
    "images/avatar-50-10-50-10.jpg": 82,
    "images/avatar-10-10-10-50.jpg": 50,
    "images/avatar-50-50-90-10.jpg": 84,
    "images/avatar-90-10-10-50.jpg": 52,
    "images/avatar-10-90-10-50.jpg": 63,
    "images/avatar-10-90-90-50.jpg": 59,
    "images/avatar-10-10-90-50.jpg": 56
}