{
    "images/avatar-90-50-50-10.jpg": 100,
    "images/avatar-50-90-10-10.jpg": 100,
    "images/avatar-50-10-90-90.jpg": 100,
    "images/avatar-50-50-50-50.jpg": 100,
    "images/avatar-50-10-10-50.jpg": 100,
    "images/avatar-10-90-10-90.jpg": 100,
    "images/avatar-90-10-90-50.jpg": 100,
    "images/avatar-90-90-50-50.jpg": 100,
    "images/avatar-50-90-50-10.jpg": 66,
    "images/avatar-90-10-50-50.jpg": 83,
    "images/avatar-90-50-10-10.jpg": 100,
    "images/avatar-90-10-10-10.jpg": 100,
    "images/avatar-10-90-90-10.jpg": 100,
    "images/avatar-50-90-50-90.jpg": 100,
    "images/avatar-90-90-50-10.jpg": 81,
    "images/avatar-10-90-50-90.jpg": 89,
    "images/avatar-90-50-90-10.jpg": 100,
    "images/avatar-90-90-10-10.jpg": 81,
    "images/avatar-50-10-90-50.jpg": 69,
    "images/avatar-10-10-50-50.jpg": 87,
    "images/avatar-10-50-50-90.jpg": 89,
    "images/avatar-90-50-90-50.jpg": 82,
    "images/avatar-50-50-50-10.jpg": 72,
    "images/avatar-90-90-10-90.jpg": 55,
    "images/avatar-50-10-90-10.jpg": 68,
    "images/avatar-10-50-10-90.jpg": 88,
    "images/avatar-90-10-90-10.jpg": 88,
    "images/avatar-90-50-50-50.jpg": 86,
    "images/avatar-50-10-50-50.jpg": 80,
    "images/avatar-50-90-90-10.jpg": 81,
    "images/avatar-10-90-10-10.jpg": 96,
    "images/avatar-50-50-10-10.jpg": 100,
    "images/avatar-10-90-90-90.jpg": 100,
    "images/avatar-90-50-10-50.jpg": 80,
    "images/avatar-10-10-90-90.jpg": 72,
    "images/avatar-50-90-90-90.jpg": 86,
    "images/avatar-50-90-50-50.jpg": 100,
    "images/avatar-50-50-10-50.jpg": 88,
    "images/avatar-50-50-10-90.jpg": 64,
    "images/avatar-90-50-10-90.jpg": 100,
    "images/avatar-10-10-10-90.jpg": 100,
    "images/avatar-90-10-50-90.jpg": 100,
    "images/avatar-10-50-90-50.jpg": 91,
    "images/avatar-50-50-90-90.jpg": 100,
    "images/avatar-90-90-50-90.jpg": 75,
    "images/avatar-10-50-90-10.jpg": 100,
    "images/avatar-50-10-10-90.jpg": 100,
    "images/avatar-90-50-90-90.jpg": 100,
    "images/avatar-10-90-50-50.jpg": 94,
    "images/avatar-50-10-50-90.jpg": 100,
    "images/avatar-10-50-50-10.jpg": 100,
    "images/avatar-50-10-10-10.jpg": 100,
    "images/avatar-90-90-90-10.jpg": 91,
    "images/avatar-10-10-10-10.jpg": 88,
    "images/avatar-90-90-90-90.jpg": 100,
    "images/avatar-90-90-10-50.jpg": 100,
    "images/avatar-10-50-90-90.jpg": 100,
    "images/avatar-50-50-50-90.jpg": 100,
    "images/avatar-90-10-50-10.jpg": 100,
    "images/avatar-90-90-90-50.jpg": 100,
    "images/avatar-10-10-90-10.jpg": 97,
    "images/avatar-10-90-50-10.jpg": 75,
    "images/avatar-10-50-50-50.jpg": 87,
    "images/avatar-90-10-10-90.jpg": 85,
    "images/avatar-50-90-10-50.jpg": 68,
    "images/avatar-10-10-50-10.jpg": 100,
    "images/avatar-50-10-50-10.jpg": 97,
    "images/avatar-10-10-10-50.jpg": 100,
    "images/avatar-50-50-90-10.jpg": 100,
    "images/avatar-90-10-10-50.jpg": 100,
    "images/avatar-10-90-10-50.jpg": 100,
    "images/avatar-10-90-90-50.jpg": 96,
    "images/avatar-10-10-90-50.jpg": 100
}