{
    "images/avatar-90-50-50-10.jpg": 60,
    "images/avatar-50-90-10-10.jpg": 37,
    "images/avatar-50-10-90-90.jpg": 96,
    "images/avatar-50-50-50-50.jpg": 23,
    "images/avatar-50-10-10-50.jpg": 84,
    "images/avatar-10-90-10-90.jpg": 20,
    "images/avatar-90-10-90-50.jpg": 80,
    "images/avatar-90-90-50-50.jpg": 19,
    "images/avatar-50-90-50-10.jpg": 83,
    "images/avatar-90-10-50-50.jpg": 17,
    "images/avatar-90-50-10-10.jpg": 77,
    "images/avatar-90-10-10-10.jpg": 21,
    "images/avatar-10-90-90-10.jpg": 56,
    "images/avatar-50-90-50-90.jpg": 32,
    "images/avatar-90-90-50-10.jpg": 81,
    "images/avatar-10-90-50-90.jpg": 16,
    "images/avatar-90-50-90-10.jpg": 52,
    "images/avatar-90-90-10-10.jpg": 24,
    "images/avatar-50-10-90-50.jpg": 81,
    "images/avatar-10-10-50-50.jpg": 22,
    "images/avatar-10-50-50-90.jpg": 56,
    "images/avatar-90-50-90-50.jpg": 20,
    "images/avatar-50-50-50-10.jpg": 60,
    "images/avatar-90-90-10-90.jpg": 64,
    "images/avatar-50-10-90-10.jpg": 19,
    "images/avatar-10-50-10-90.jpg": 35,
    "images/avatar-90-10-90-10.jpg": 78,
    "images/avatar-90-50-50-50.jpg": 18,
    "images/avatar-50-10-50-50.jpg": 47,
    "images/avatar-50-90-90-10.jpg": 60,
    "images/avatar-10-90-10-10.jpg": 84,
    "images/avatar-50-50-10-10.jpg": 51,
    "images/avatar-10-90-90-90.jpg": 36,
    "images/avatar-90-50-10-50.jpg": 73,
    "images/avatar-10-10-90-90.jpg": 21,
    "images/avatar-50-90-90-90.jpg": 82,
    "images/avatar-50-90-50-50.jpg": 21,
    "images/avatar-50-50-10-50.jpg": 76,
    "images/avatar-50-50-10-90.jpg": 13,
    "images/avatar-90-50-10-90.jpg": 82,
    "images/avatar-10-10-10-90.jpg": 49,
    "images/avatar-90-10-50-90.jpg": 49,
    "images/avatar-10-50-90-50.jpg": 13,
    "images/avatar-50-50-90-90.jpg": 76,
    "images/avatar-90-90-50-90.jpg": 54,
    "images/avatar-10-50-90-10.jpg": 78,
    "images/avatar-50-10-10-90.jpg": 32,
    "images/avatar-90-50-90-90.jpg": 60,
    "images/avatar-10-90-50-50.jpg": 36,
    "images/avatar-50-10-50-90.jpg": 74,
    "images/avatar-10-50-50-10.jpg": 36,
    "images/avatar-50-10-10-10.jpg": 78,
    "images/avatar-90-90-90-10.jpg": 36,
    "images/avatar-10-10-10-10.jpg": 77,
    "images/avatar-90-90-90-90.jpg": 81,
    "images/avatar-90-90-10-50.jpg": 46,
    "images/avatar-10-50-90-90.jpg": 8,
    "images/avatar-50-50-50-90.jpg": 69,
    "images/avatar-90-10-50-10.jpg": 81,
    "images/avatar-90-90-90-50.jpg": 48,
    "images/avatar-10-10-90-10.jpg": 75,
    "images/avatar-10-90-50-10.jpg": 60,
    "images/avatar-10-50-50-50.jpg": 92,
    "images/avatar-90-10-10-90.jpg": 75,
    "images/avatar-50-90-10-50.jpg": 26,
    "images/avatar-10-10-50-10.jpg": 48,
    "images/avatar-50-10-50-10.jpg": 14,
    "images/avatar-10-10-10-50.jpg": 86,
    "images/avatar-50-50-90-10.jpg": 43,
    "images/avatar-90-10-10-50.jpg": 40,
    "images/avatar-10-90-10-50.jpg": 76,
    "images/avatar-10-90-90-50.jpg": 92,
    "images/avatar-10-10-90-50.jpg": 56
}