{
    "images/avatar-90-50-50-10.jpg": 33,
    "images/avatar-50-90-10-10.jpg": 11,
    "images/avatar-50-10-90-90.jpg": 46,
    "images/avatar-50-50-50-50.jpg": 49,
    "images/avatar-50-10-10-50.jpg": 35,
    "images/avatar-10-90-10-90.jpg": 77,
    "images/avatar-90-10-90-50.jpg": 44,
    "images/avatar-90-90-50-50.jpg": 55,
    "images/avatar-50-90-50-10.jpg": 25,
    "images/avatar-90-10-50-50.jpg": 33,
    "images/avatar-90-50-10-10.jpg": 88,
    "images/avatar-90-10-10-10.jpg": 50,
    "images/avatar-10-90-90-10.jpg": 49,
    "images/avatar-50-90-50-90.jpg": 32,
    "images/avatar-90-90-50-10.jpg": 33,
    "images/avatar-10-90-50-90.jpg": 14,
    "images/avatar-90-50-90-10.jpg": 38,
    "images/avatar-90-90-10-10.jpg": 87,
    "images/avatar-50-10-90-50.jpg": 50,
    "images/avatar-10-10-50-50.jpg": 25,
    "images/avatar-10-50-50-90.jpg": 41,
    "images/avatar-90-50-90-50.jpg": 48,
    "images/avatar-50-50-50-10.jpg": 47,
    "images/avatar-90-90-10-90.jpg": 26,
    "images/avatar-50-10-90-10.jpg": 42,
    "images/avatar-10-50-10-90.jpg": 65,
    "images/avatar-90-10-90-10.jpg": 46,
    "images/avatar-90-50-50-50.jpg": 46,
    "images/avatar-50-10-50-50.jpg": 36,
    "images/avatar-50-90-90-10.jpg": 35,
    "images/avatar-10-90-10-10.jpg": 21,
    "images/avatar-50-50-10-10.jpg": 48,
    "images/avatar-10-90-90-90.jpg": 45,
    "images/avatar-90-50-10-50.jpg": 24,
    "images/avatar-10-10-90-90.jpg": 38,
    "images/avatar-50-90-90-90.jpg": 73,
    "images/avatar-50-90-50-50.jpg": 47,
    "images/avatar-50-50-10-50.jpg": 52,
    "images/avatar-50-50-10-90.jpg": 30,
    "images/avatar-90-50-10-90.jpg": 46,
    "images/avatar-10-10-10-90.jpg": 47,
    "images/avatar-90-10-50-90.jpg": 27,
    "images/avatar-10-50-90-50.jpg": 55,
    "images/avatar-50-50-90-90.jpg": 38,
    "images/avatar-90-90-50-90.jpg": 58,
    "images/avatar-10-50-90-10.jpg": 44,
    "images/avatar-50-10-10-90.jpg": 76,
    "images/avatar-90-50-90-90.jpg": 12,
    "images/avatar-10-90-50-50.jpg": 34,
    "images/avatar-50-10-50-90.jpg": 34,
    "images/avatar-10-50-50-10.jpg": 40,
    "images/avatar-50-10-10-10.jpg": 29,
    "images/avatar-90-90-90-10.jpg": 51,
    "images/avatar-10-10-10-10.jpg": 70,
    "images/avatar-90-90-90-90.jpg": 40,
    "images/avatar-90-90-10-50.jpg": 34,
    "images/avatar-10-50-90-90.jpg": 44,
    "images/avatar-50-50-50-90.jpg": 58,
    "images/avatar-90-10-50-10.jpg": 84,
    "images/avatar-90-90-90-50.jpg": 43,
    "images/avatar-10-10-90-10.jpg": 38,
    "images/avatar-10-90-50-10.jpg": 47,
    "images/avatar-10-50-50-50.jpg": 32,
    "images/avatar-90-10-10-90.jpg": 33,
    "images/avatar-50-90-10-50.jpg": 16,
    "images/avatar-10-10-50-10.jpg": 46,
    "images/avatar-50-10-50-10.jpg": 35,
    "images/avatar-10-10-10-50.jpg": 52,
    "images/avatar-50-50-90-10.jpg": 35,
    "images/avatar-90-10-10-50.jpg": 46,
    "images/avatar-10-90-10-50.jpg": 20,
    "images/avatar-10-90-90-50.jpg": 31,
    "images/avatar-10-10-90-50.jpg": 68
}