{
    "images/avatar-90-50-50-10.jpg": 88,
    "images/avatar-50-90-10-10.jpg": 52,
    "images/avatar-50-10-90-90.jpg": 66,
    "images/avatar-50-50-50-50.jpg": 33,
    "images/avatar-50-10-10-50.jpg": 29,
    "images/avatar-10-90-10-90.jpg": 75,
    "images/avatar-90-10-90-50.jpg": 11,
    "images/avatar-90-90-50-50.jpg": 98,
    "images/avatar-50-90-50-10.jpg": 69,
    "images/avatar-90-10-50-50.jpg": 91,
    "images/avatar-90-50-10-10.jpg": 60,
    "images/avatar-90-10-10-10.jpg": 95,
    "images/avatar-10-90-90-10.jpg": 20,
    "images/avatar-50-90-50-90.jpg": 30,
    "images/avatar-90-90-50-10.jpg": 87,
    "images/avatar-10-90-50-90.jpg": 51,
    "images/avatar-90-50-90-10.jpg": 62,
    "images/avatar-90-90-10-10.jpg": 43,
    "images/avatar-50-10-90-50.jpg": 68,
    "images/avatar-10-10-50-50.jpg": 44,
    "images/avatar-10-50-50-90.jpg": 78,
    "images/avatar-90-50-90-50.jpg": 33,
    "images/avatar-50-50-50-10.jpg": 90,
    "images/avatar-90-90-10-90.jpg": 40,
    "images/avatar-50-10-90-10.jpg": 80,
    "images/avatar-10-50-10-90.jpg": 32,
    "images/avatar-90-10-90-10.jpg": 75,
    "images/avatar-90-50-50-50.jpg": 92,
    "images/avatar-50-10-50-50.jpg": 68,
    "images/avatar-50-90-90-10.jpg": 93,
    "images/avatar-10-90-10-10.jpg": 60,
    "images/avatar-50-50-10-10.jpg": 76,
    "images/avatar-10-90-90-90.jpg": 44,
    "images/avatar-90-50-10-50.jpg": 76,
    "images/avatar-10-10-90-90.jpg": 66,
    "images/avatar-50-90-90-90.jpg": 21,
    "images/avatar-50-90-50-50.jpg": 93,
    "images/avatar-50-50-10-50.jpg": 68,
    "images/avatar-50-50-10-90.jpg": 33,
    "images/avatar-90-50-10-90.jpg": 92,
    "images/avatar-10-10-10-90.jpg": 81,
    "images/avatar-90-10-50-90.jpg": 8,
    "images/avatar-10-50-90-50.jpg": 87,
    "images/avatar-50-50-90-90.jpg": 52,
    "images/avatar-90-90-50-90.jpg": 11,
    "images/avatar-10-50-90-10.jpg": 74,
    "images/avatar-50-10-10-90.jpg": 55,
    "images/avatar-90-50-90-90.jpg": 84,
    "images/avatar-10-90-50-50.jpg": 20,
    "images/avatar-50-10-50-90.jpg": 24,
    "images/avatar-10-50-50-10.jpg": 61,
    "images/avatar-50-10-10-10.jpg": 37,
    "images/avatar-90-90-90-10.jpg": 29,
    "images/avatar-10-10-10-10.jpg": 54,
    "images/avatar-90-90-90-90.jpg": 57,
    "images/avatar-90-90-10-50.jpg": 57,
    "images/avatar-10-50-90-90.jpg": 94,
    "images/avatar-50-50-50-90.jpg": 59,
    "images/avatar-90-10-50-10.jpg": 87,
    "images/avatar-90-90-90-50.jpg": 13,
    "images/avatar-10-10-90-10.jpg": 51,
    "images/avatar-10-90-50-10.jpg": 62,
    "images/avatar-10-50-50-50.jpg": 87,
    "images/avatar-90-10-10-90.jpg": 16,
    "images/avatar-50-90-10-50.jpg": 47,
    "images/avatar-10-10-50-10.jpg": 63,
    "images/avatar-50-10-50-10.jpg": 21,
    "images/avatar-10-10-10-50.jpg": 52,
    "images/avatar-50-50-90-10.jpg": 82,
    "images/avatar-90-10-10-50.jpg": 76,
    "images/avatar-10-90-10-50.jpg": 32,
    "images/avatar-10-90-90-50.jpg": 56,
    "images/avatar-10-10-90-50.jpg": 77
}