{
    "images/avatar-90-50-50-10.jpg": 67,
    "images/avatar-50-90-10-10.jpg": 62,
    "images/avatar-50-10-90-90.jpg": 64,
    "images/avatar-50-50-50-50.jpg": 20,
    "images/avatar-50-10-10-50.jpg": 59,
    "images/avatar-10-90-10-90.jpg": 47,
    "images/avatar-90-10-90-50.jpg": 25,
    "images/avatar-90-90-50-50.jpg": 73,
    "images/avatar-50-90-50-10.jpg": 29,
    "images/avatar-90-10-50-50.jpg": 62,
    "images/avatar-90-50-10-10.jpg": 25,
    "images/avatar-90-10-10-10.jpg": 71,
    "images/avatar-10-90-90-10.jpg": 37,
    "images/avatar-50-90-50-90.jpg": 18,
    "images/avatar-90-90-50-10.jpg": 25,
    "images/avatar-10-90-50-90.jpg": 77,
    "images/avatar-90-50-90-10.jpg": 45,
    "images/avatar-90-90-10-10.jpg": 72,
    "images/avatar-50-10-90-50.jpg": 25,
    "images/avatar-10-10-50-50.jpg": 70,
    "images/avatar-10-50-50-90.jpg": 37,
    "images/avatar-90-50-90-50.jpg": 59,
    "images/avatar-50-50-50-10.jpg": 33,
    "images/avatar-90-90-10-90.jpg": 77,
    "images/avatar-50-10-90-10.jpg": 29,
    "images/avatar-10-50-10-90.jpg": 79,
    "images/avatar-90-10-90-10.jpg": 27,
    "images/avatar-90-50-50-50.jpg": 71,
    "images/avatar-50-10-50-50.jpg": 33,
    "images/avatar-50-90-90-10.jpg": 73,
    "images/avatar-10-90-10-10.jpg": 38,
    "images/avatar-50-50-10-10.jpg": 37,
    "images/avatar-10-90-90-90.jpg": 69,
    "images/avatar-90-50-10-50.jpg": 37,
    "images/avatar-10-10-90-90.jpg": 70,
    "images/avatar-50-90-90-90.jpg": 35,
    "images/avatar-50-90-50-50.jpg": 69,
    "images/avatar-50-50-10-50.jpg": 33,
    "images/avatar-50-50-10-90.jpg": 67,
    "images/avatar-90-50-10-90.jpg": 37,
    "images/avatar-10-10-10-90.jpg": 62,
    "images/avatar-90-10-50-90.jpg": 28,
    "images/avatar-10-50-90-50.jpg": 74,
    "images/avatar-50-50-90-90.jpg": 26,
    "images/avatar-90-90-50-90.jpg": 66,
    "images/avatar-10-50-90-10.jpg": 37,
    "images/avatar-50-10-10-90.jpg": 15,
    "images/avatar-90-50-90-90.jpg": 35,
    "images/avatar-10-90-50-50.jpg": 65,
    "images/avatar-50-10-50-90.jpg": 25,
    "images/avatar-10-50-50-10.jpg": 70,
    "images/avatar-50-10-10-10.jpg": 37,
    "images/avatar-90-90-90-10.jpg": 62,
    "images/avatar-10-10-10-10.jpg": 15,
    "images/avatar-90-90-90-90.jpg": 51,
    "images/avatar-90-90-10-50.jpg": 37,
    "images/avatar-10-50-90-90.jpg": 64,
    "images/avatar-50-50-50-90.jpg": 34,
    "images/avatar-90-10-50-10.jpg": 70,
    "images/avatar-90-90-90-50.jpg": 25,
    "images/avatar-10-10-90-10.jpg": 56,
    "images/avatar-10-90-50-10.jpg": 72,
    "images/avatar-10-50-50-50.jpg": 20,
    "images/avatar-90-10-10-90.jpg": 55,
    "images/avatar-50-90-10-50.jpg": 46,
    "images/avatar-10-10-50-10.jpg": 64,
    "images/avatar-50-10-50-10.jpg": 25,
    "images/avatar-10-10-10-50.jpg": 50,
    "images/avatar-50-50-90-10.jpg": 23,
    "images/avatar-90-10-10-50.jpg": 48,
    "images/avatar-10-90-10-50.jpg": 27,
    "images/avatar-10-90-90-50.jpg": 44,
    "images/avatar-10-10-90-50.jpg": 28
}