{
    "images/avatar-90-50-50-10.jpg": 21,
    "images/avatar-50-90-10-10.jpg": 86,
    "images/avatar-50-10-90-90.jpg": 54,
    "images/avatar-50-50-50-50.jpg": 67,
    "images/avatar-50-10-10-50.jpg": 81,
    "images/avatar-10-90-10-90.jpg": 32,
    "images/avatar-90-10-90-50.jpg": 63,
    "images/avatar-90-90-50-50.jpg": 96,
    "images/avatar-50-90-50-10.jpg": 24,
    "images/avatar-90-10-50-50.jpg": 67,
    "images/avatar-90-50-10-10.jpg": 24,
    "images/avatar-90-10-10-10.jpg": 12,
    "images/avatar-10-90-90-10.jpg": 22,
    "images/avatar-50-90-50-90.jpg": 90,
    "images/avatar-90-90-50-10.jpg": 53,
    "images/avatar-10-90-50-90.jpg": 75,
    "images/avatar-90-50-90-10.jpg": 21,
    "images/avatar-90-90-10-10.jpg": 62,
    "images/avatar-50-10-90-50.jpg": 89,
    "images/avatar-10-10-50-50.jpg": 72,
    "images/avatar-10-50-50-90.jpg": 91,
    "images/avatar-90-50-90-50.jpg": 87,
    "images/avatar-50-50-50-10.jpg": 43,
    "images/avatar-90-90-10-90.jpg": 35,
    "images/avatar-50-10-90-10.jpg": 14,
    "images/avatar-10-50-10-90.jpg": 72,
    "images/avatar-90-10-90-10.jpg": 25,
    "images/avatar-90-50-50-50.jpg": 40,
    "images/avatar-50-10-50-50.jpg": 84,
    "images/avatar-50-90-90-10.jpg": 13,
    "images/avatar-10-90-10-10.jpg": 24,
    "images/avatar-50-50-10-10.jpg": 32,
    "images/avatar-10-90-90-90.jpg": 42,
    "images/avatar-90-50-10-50.jpg": 95,
    "images/avatar-10-10-90-90.jpg": 32,
    "images/avatar-50-90-90-90.jpg": 48,
    "images/avatar-50-90-50-50.jpg": 80,
    "images/avatar-50-50-10-50.jpg": 82,
    "images/avatar-50-50-10-90.jpg": 75,
    "images/avatar-90-50-10-90.jpg": 86,
    "images/avatar-10-10-10-90.jpg": 85,
    "images/avatar-90-10-50-90.jpg": 41,
    "images/avatar-10-50-90-50.jpg": 76,
    "images/avatar-50-50-90-90.jpg": 85,
    "images/avatar-90-90-50-90.jpg": 58,
    "images/avatar-10-50-90-10.jpg": 34,
    "images/avatar-50-10-10-90.jpg": 41,
    "images/avatar-90-50-90-90.jpg": 36,
    "images/avatar-10-90-50-50.jpg": 55,
    "images/avatar-50-10-50-90.jpg": 67,
    "images/avatar-10-50-50-10.jpg": 10,
    "images/avatar-50-10-10-10.jpg": 19,
    "images/avatar-90-90-90-10.jpg": 13,
    "images/avatar-10-10-10-10.jpg": 10,
    "images/avatar-90-90-90-90.jpg": 75,
    "images/avatar-90-90-10-50.jpg": 69,
    "images/avatar-10-50-90-90.jpg": 40,
    "images/avatar-50-50-50-90.jpg": 95,
    "images/avatar-90-10-50-10.jpg": 41,
    "images/avatar-90-90-90-50.jpg": 94,
    "images/avatar-10-10-90-10.jpg": 9,
    "images/avatar-10-90-50-10.jpg": 15,
    "images/avatar-10-50-50-50.jpg": 69,
    "images/avatar-90-10-10-90.jpg": 54,
    "images/avatar-50-90-10-50.jpg": 80,
    "images/avatar-10-10-50-10.jpg": 21,
    "images/avatar-50-10-50-10.jpg": 68,
    "images/avatar-10-10-10-50.jpg": 90,
    "images/avatar-50-50-90-10.jpg": 73,
    "images/avatar-90-10-10-50.jpg": 96,
    "images/avatar-10-90-10-50.jpg": 71,
    "images/avatar-10-90-90-50.jpg": 71,
    "images/avatar-10-10-90-50.jpg": 76
}