{
    "images/avatar-90-50-50-10.jpg": 21,
    "images/avatar-50-90-10-10.jpg": 15,
    "images/avatar-50-10-90-90.jpg": 24,
    "images/avatar-50-50-50-50.jpg": 78,
    "images/avatar-50-10-10-50.jpg": 88,
    "images/avatar-10-90-10-90.jpg": 69,
    "images/avatar-90-10-90-50.jpg": 97,
    "images/avatar-90-90-50-50.jpg": 84,
    "images/avatar-50-90-50-10.jpg": 53,
    "images/avatar-90-10-50-50.jpg": 77,
    "images/avatar-90-50-10-10.jpg": 37,
    "images/avatar-90-10-10-10.jpg": 24,
    "images/avatar-10-90-90-10.jpg": 46,
    "images/avatar-50-90-50-90.jpg": 30,
    "images/avatar-90-90-50-10.jpg": 63,
    "images/avatar-10-90-50-90.jpg": 84,
    "images/avatar-90-50-90-10.jpg": 79,
    "images/avatar-90-90-10-10.jpg": 42,
    "images/avatar-50-10-90-50.jpg": 90,
    "images/avatar-10-10-50-50.jpg": 76,
    "images/avatar-10-50-50-90.jpg": 34,
    "images/avatar-90-50-90-50.jpg": 90,
    "images/avatar-50-50-50-10.jpg": 49,
    "images/avatar-90-90-10-90.jpg": 18,
    "images/avatar-50-10-90-10.jpg": 42,
    "images/avatar-10-50-10-90.jpg": 67,
    "images/avatar-90-10-90-10.jpg": 33,
    "images/avatar-90-50-50-50.jpg": 77,
    "images/avatar-50-10-50-50.jpg": 47,
    "images/avatar-50-90-90-10.jpg": 53,
    "images/avatar-10-90-10-10.jpg": 73,
    "images/avatar-50-50-10-10.jpg": 20,
    "images/avatar-10-90-90-90.jpg": 53,
    "images/avatar-90-50-10-50.jpg": 81,
    "images/avatar-10-10-90-90.jpg": 33,
    "images/avatar-50-90-90-90.jpg": 55,
    "images/avatar-50-90-50-50.jpg": 74,
    "images/avatar-50-50-10-50.jpg": 50,
    "images/avatar-50-50-10-90.jpg": 23,
    "images/avatar-90-50-10-90.jpg": 55,
    "images/avatar-10-10-10-90.jpg": 80,
    "images/avatar-90-10-50-90.jpg": 51,
    "images/avatar-10-50-90-50.jpg": 77,
    "images/avatar-50-50-90-90.jpg": 25,
    "images/avatar-90-90-50-90.jpg": 52,
    "images/avatar-10-50-90-10.jpg": 75,
    "images/avatar-50-10-10-90.jpg": 35,
    "images/avatar-90-50-90-90.jpg": 60,
    "images/avatar-10-90-50-50.jpg": 88,
    "images/avatar-50-10-50-90.jpg": 23,
    "images/avatar-10-50-50-10.jpg": 17,
    "images/avatar-50-10-10-10.jpg": 42,
    "images/avatar-90-90-90-10.jpg": 44,
    "images/avatar-10-10-10-10.jpg": 50,
    "images/avatar-90-90-90-90.jpg": 19,
    "images/avatar-90-90-10-50.jpg": 57,
    "images/avatar-10-50-90-90.jpg": 72,
    "images/avatar-50-50-50-90.jpg": 45,
    "images/avatar-90-10-50-10.jpg": 64,
    "images/avatar-90-90-90-50.jpg": 52,
    "images/avatar-10-10-90-10.jpg": 25,
    "images/avatar-10-90-50-10.jpg": 81,
    "images/avatar-10-50-50-50.jpg": 48,
    "images/avatar-90-10-10-90.jpg": 19,
    "images/avatar-50-90-10-50.jpg": 49,
    "images/avatar-10-10-50-10.jpg": 66,
    "images/avatar-50-10-50-10.jpg": 51,
    "images/avatar-10-10-10-50.jpg": 69,
    "images/avatar-50-50-90-10.jpg": 47,
    "images/avatar-90-10-10-50.jpg": 81,
    "images/avatar-10-90-10-50.jpg": 50,
    "images/avatar-10-90-90-50.jpg": 62,
    "images/avatar-10-10-90-50.jpg": 59
}