{
    "images/avatar-90-50-50-10.jpg": 23,
    "images/avatar-50-90-10-10.jpg": 26,
    "images/avatar-50-10-90-90.jpg": 40,
    "images/avatar-50-50-50-50.jpg": 71,
    "images/avatar-50-10-10-50.jpg": 81,
    "images/avatar-10-90-10-90.jpg": 63,
    "images/avatar-90-10-90-50.jpg": 50,
    "images/avatar-90-90-50-50.jpg": 57,
    "images/avatar-50-90-50-10.jpg": 46,
    "images/avatar-90-10-50-50.jpg": 27,
    "images/avatar-90-50-10-10.jpg": 20,
    "images/avatar-90-10-10-10.jpg": 14,
    "images/avatar-10-90-90-10.jpg": 31,
    "images/avatar-50-90-50-90.jpg": 16,
    "images/avatar-90-90-50-10.jpg": 24,
    "images/avatar-10-90-50-90.jpg": 56,
    "images/avatar-90-50-90-10.jpg": 12,
    "images/avatar-90-90-10-10.jpg": 15,
    "images/avatar-50-10-90-50.jpg": 77,
    "images/avatar-10-10-50-50.jpg": 77,
    "images/avatar-10-50-50-90.jpg": 59,
    "images/avatar-90-50-90-50.jpg": 61,
    "images/avatar-50-50-50-10.jpg": 15,
    "images/avatar-90-90-10-90.jpg": 59,
    "images/avatar-50-10-90-10.jpg": 30,
    "images/avatar-10-50-10-90.jpg": 43,
    "images/avatar-90-10-90-10.jpg": 18,
    "images/avatar-90-50-50-50.jpg": 85,
    "images/avatar-50-10-50-50.jpg": 58,
    "images/avatar-50-90-90-10.jpg": 20,
    "images/avatar-10-90-10-10.jpg": 18,
    "images/avatar-50-50-10-10.jpg": 18,
    "images/avatar-10-90-90-90.jpg": 37,
    "images/avatar-90-50-10-50.jpg": 79,
    "images/avatar-10-10-90-90.jpg": 56,
    "images/avatar-50-90-90-90.jpg": 47,
    "images/avatar-50-90-50-50.jpg": 54,
    "images/avatar-50-50-10-50.jpg": 73,
    "images/avatar-50-50-10-90.jpg": 58,
    "images/avatar-90-50-10-90.jpg": 45,
    "images/avatar-10-10-10-90.jpg": 50,
    "images/avatar-90-10-50-90.jpg": 32,
    "images/avatar-10-50-90-50.jpg": 40,
    "images/avatar-50-50-90-90.jpg": 44,
    "images/avatar-90-90-50-90.jpg": 61,
    "images/avatar-10-50-90-10.jpg": 15,
    "images/avatar-50-10-10-90.jpg": 35,
    "images/avatar-90-50-90-90.jpg": 31,
    "images/avatar-10-90-50-50.jpg": 58,
    "images/avatar-50-10-50-90.jpg": 25,
    "images/avatar-10-50-50-10.jpg": 14,
    "images/avatar-50-10-10-10.jpg": 14,
    "images/avatar-90-90-90-10.jpg": 12,
    "images/avatar-10-10-10-10.jpg": 10,
    "images/avatar-90-90-90-90.jpg": 33,
    "images/avatar-90-90-10-50.jpg": 77,
    "images/avatar-10-50-90-90.jpg": 60,
    "images/avatar-50-50-50-90.jpg": 57,
    "images/avatar-90-10-50-10.jpg": 12,
    "images/avatar-90-90-90-50.jpg": 98,
    "images/avatar-10-10-90-10.jpg": 17,
    "images/avatar-10-90-50-10.jpg": 14,
    "images/avatar-10-50-50-50.jpg": 78,
    "images/avatar-90-10-10-90.jpg": 48,
    "images/avatar-50-90-10-50.jpg": 96,
    "images/avatar-10-10-50-10.jpg": 14,
    "images/avatar-50-10-50-10.jpg": 14,
    "images/avatar-10-10-10-50.jpg": 41,
    "images/avatar-50-50-90-10.jpg": 13,
    "images/avatar-90-10-10-50.jpg": 44,
    "images/avatar-10-90-10-50.jpg": 71,
    "images/avatar-10-90-90-50.jpg": 71,
    "images/avatar-10-10-90-50.jpg": 66
}