{
    "images/avatar-90-50-50-10.jpg": 24,
    "images/avatar-50-90-10-10.jpg": 75,
    "images/avatar-50-10-90-90.jpg": 22,
    "images/avatar-50-50-50-50.jpg": 43,
    "images/avatar-50-10-10-50.jpg": 76,
    "images/avatar-10-90-10-90.jpg": 31,
    "images/avatar-90-10-90-50.jpg": 19,
    "images/avatar-90-90-50-50.jpg": 44,
    "images/avatar-50-90-50-10.jpg": 42,
    "images/avatar-90-10-50-50.jpg": 30,
    "images/avatar-90-50-10-10.jpg": 40,
    "images/avatar-90-10-10-10.jpg": 10,
    "images/avatar-10-90-90-10.jpg": 19,
    "images/avatar-50-90-50-90.jpg": 77,
    "images/avatar-90-90-50-10.jpg": 35,
    "images/avatar-10-90-50-90.jpg": 87,
    "images/avatar-90-50-90-10.jpg": 19,
    "images/avatar-90-90-10-10.jpg": 36,
    "images/avatar-50-10-90-50.jpg": 70,
    "images/avatar-10-10-50-50.jpg": 29,
    "images/avatar-10-50-50-90.jpg": 24,
    "images/avatar-90-50-90-50.jpg": 30,
    "images/avatar-50-50-50-10.jpg": 24,
    "images/avatar-90-90-10-90.jpg": 17,
    "images/avatar-50-10-90-10.jpg": 30,
    "images/avatar-10-50-10-90.jpg": 44,
    "images/avatar-90-10-90-10.jpg": 76,
    "images/avatar-90-50-50-50.jpg": 35,
    "images/avatar-50-10-50-50.jpg": 35,
    "images/avatar-50-90-90-10.jpg": 71,
    "images/avatar-10-90-10-10.jpg": 27,
    "images/avatar-50-50-10-10.jpg": 36,
    "images/avatar-10-90-90-90.jpg": 45,
    "images/avatar-90-50-10-50.jpg": 26,
    "images/avatar-10-10-90-90.jpg": 72,
    "images/avatar-50-90-90-90.jpg": 38,
    "images/avatar-50-90-50-50.jpg": 19,
    "images/avatar-50-50-10-50.jpg": 43,
    "images/avatar-50-50-10-90.jpg": 27,
    "images/avatar-90-50-10-90.jpg": 66,
    "images/avatar-10-10-10-90.jpg": 31,
    "images/avatar-90-10-50-90.jpg": 31,
    "images/avatar-10-50-90-50.jpg": 33,
    "images/avatar-50-50-90-90.jpg": 71,
    "images/avatar-90-90-50-90.jpg": 36,
    "images/avatar-10-50-90-10.jpg": 14,
    "images/avatar-50-10-10-90.jpg": 31,
    "images/avatar-90-50-90-90.jpg": 81,
    "images/avatar-10-90-50-50.jpg": 62,
    "images/avatar-50-10-50-90.jpg": 37,
    "images/avatar-10-50-50-10.jpg": 71,
    "images/avatar-50-10-10-10.jpg": 66,
    "images/avatar-90-90-90-10.jpg": 21,
    "images/avatar-10-10-10-10.jpg": 71,
    "images/avatar-90-90-90-90.jpg": 27,
    "images/avatar-90-90-10-50.jpg": 46,
    "images/avatar-10-50-90-90.jpg": 24,
    "images/avatar-50-50-50-90.jpg": 24,
    "images/avatar-90-10-50-10.jpg": 30,
    "images/avatar-90-90-90-50.jpg": 30,
    "images/avatar-10-10-90-10.jpg": 51,
    "images/avatar-10-90-50-10.jpg": 22,
    "images/avatar-10-50-50-50.jpg": 67,
    "images/avatar-90-10-10-90.jpg": 29,
    "images/avatar-50-90-10-50.jpg": 76,
    "images/avatar-10-10-50-10.jpg": 43,
    "images/avatar-50-10-50-10.jpg": 42,
    "images/avatar-10-10-10-50.jpg": 66,
    "images/avatar-50-50-90-10.jpg": 41,
    "images/avatar-90-10-10-50.jpg": 79,
    "images/avatar-10-90-10-50.jpg": 47,
    "images/avatar-10-90-90-50.jpg": 34,
    "images/avatar-10-10-90-50.jpg": 32
}