{
    "images/avatar-90-50-50-10.jpg": 59,
    "images/avatar-50-90-10-10.jpg": 82,
    "images/avatar-50-10-90-90.jpg": 36,
    "images/avatar-50-50-50-50.jpg": 70,
    "images/avatar-50-10-10-50.jpg": 25,
    "images/avatar-10-90-10-90.jpg": 76,
    "images/avatar-90-10-90-50.jpg": 38,
    "images/avatar-90-90-50-50.jpg": 80,
    "images/avatar-50-90-50-10.jpg": 29,
    "images/avatar-90-10-50-50.jpg": 17,
    "images/avatar-90-50-10-10.jpg": 36,
    "images/avatar-90-10-10-10.jpg": 64,
    "images/avatar-10-90-90-10.jpg": 23,
    "images/avatar-50-90-50-90.jpg": 44,
    "images/avatar-90-90-50-10.jpg": 80,
    "images/avatar-10-90-50-90.jpg": 41,
    "images/avatar-90-50-90-10.jpg": 16,
    "images/avatar-90-90-10-10.jpg": 20,
    "images/avatar-50-10-90-50.jpg": 80,
    "images/avatar-10-10-50-50.jpg": 23,
    "images/avatar-10-50-50-90.jpg": 68,
    "images/avatar-90-50-90-50.jpg": 10,
    "images/avatar-50-50-50-10.jpg": 74,
    "images/avatar-90-90-10-90.jpg": 43,
    "images/avatar-50-10-90-10.jpg": 67,
    "images/avatar-10-50-10-90.jpg": 16,
    "images/avatar-90-10-90-10.jpg": 30,
    "images/avatar-90-50-50-50.jpg": 90,
    "images/avatar-50-10-50-50.jpg": 65,
    "images/avatar-50-90-90-10.jpg": 79,
    "images/avatar-10-90-10-10.jpg": 1,
    "images/avatar-50-50-10-10.jpg": 47,
    "images/avatar-10-90-90-90.jpg": 75,
    "images/avatar-90-50-10-50.jpg": 32,
    "images/avatar-10-10-90-90.jpg": 65,
    "images/avatar-50-90-90-90.jpg": 41,
    "images/avatar-50-90-50-50.jpg": 80,
    "images/avatar-50-50-10-50.jpg": 30,
    "images/avatar-50-50-10-90.jpg": 50,
    "images/avatar-90-50-10-90.jpg": 82,
    "images/avatar-10-10-10-90.jpg": 22,
    "images/avatar-90-10-50-90.jpg": 35,
    "images/avatar-10-50-90-50.jpg": 25,
    "images/avatar-50-50-90-90.jpg": 68,
    "images/avatar-90-90-50-90.jpg": 38,
    "images/avatar-10-50-90-10.jpg": 78,
    "images/avatar-50-10-10-90.jpg": 25,
    "images/avatar-90-50-90-90.jpg": 71,
    "images/avatar-10-90-50-50.jpg": 55,
    "images/avatar-50-10-50-90.jpg": 82,
    "images/avatar-10-50-50-10.jpg": 72,
    "images/avatar-50-10-10-10.jpg": 27,
    "images/avatar-90-90-90-10.jpg": 85,
    "images/avatar-10-10-10-10.jpg": 33,
    "images/avatar-90-90-90-90.jpg": 29,
    "images/avatar-90-90-10-50.jpg": 85,
    "images/avatar-10-50-90-90.jpg": 26,
    "images/avatar-50-50-50-90.jpg": 58,
    "images/avatar-90-10-50-10.jpg": 81,
    "images/avatar-90-90-90-50.jpg": 36,
    "images/avatar-10-10-90-10.jpg": 63,
    "images/avatar-10-90-50-10.jpg": 83,
    "images/avatar-10-50-50-50.jpg": 30,
    "images/avatar-90-10-10-90.jpg": 53,
    "images/avatar-50-90-10-50.jpg": 82,
    "images/avatar-10-10-50-10.jpg": 29,
    "images/avatar-50-10-50-10.jpg": 56,
    "images/avatar-10-10-10-50.jpg": 85,
    "images/avatar-50-50-90-10.jpg": 69,
    "images/avatar-90-10-10-50.jpg": 88,
    "images/avatar-10-90-10-50.jpg": 58,
    "images/avatar-10-90-90-50.jpg": 70,
    "images/avatar-10-10-90-50.jpg": 69
}