{
    "images/avatar-90-50-50-10.jpg": 85,
    "images/avatar-50-90-10-10.jpg": 78,
    "images/avatar-50-10-90-90.jpg": 63,
    "images/avatar-50-50-50-50.jpg": 54,
    "images/avatar-50-10-10-50.jpg": 71,
    "images/avatar-10-90-10-90.jpg": 58,
    "images/avatar-90-10-90-50.jpg": 47,
    "images/avatar-90-90-50-50.jpg": 59,
    "images/avatar-50-90-50-10.jpg": 27,
    "images/avatar-90-10-50-50.jpg": 40,
    "images/avatar-90-50-10-10.jpg": 37,
    "images/avatar-90-10-10-10.jpg": 49,
    "images/avatar-10-90-90-10.jpg": 50,
    "images/avatar-50-90-50-90.jpg": 50,
    "images/avatar-90-90-50-10.jpg": 31,
    "images/avatar-10-90-50-90.jpg": 37,
    "images/avatar-90-50-90-10.jpg": 38,
    "images/avatar-90-90-10-10.jpg": 47,
    "images/avatar-50-10-90-50.jpg": 36,
    "images/avatar-10-10-50-50.jpg": 34,
    "images/avatar-10-50-50-90.jpg": 39,
    "images/avatar-90-50-90-50.jpg": 51,
    "images/avatar-50-50-50-10.jpg": 53,
    "images/avatar-90-90-10-90.jpg": 60,
    "images/avatar-50-10-90-10.jpg": 66,
    "images/avatar-10-50-10-90.jpg": 69,
    "images/avatar-90-10-90-10.jpg": 62,
    "images/avatar-90-50-50-50.jpg": 49,
    "images/avatar-50-10-50-50.jpg": 38,
    "images/avatar-50-90-90-10.jpg": 59,
    "images/avatar-10-90-10-10.jpg": 66,
    "images/avatar-50-50-10-10.jpg": 62,
    "images/avatar-10-90-90-90.jpg": 79,
    "images/avatar-90-50-10-50.jpg": 46,
    "images/avatar-10-10-90-90.jpg": 36,
    "images/avatar-50-90-90-90.jpg": 46,
    "images/avatar-50-90-50-50.jpg": 49,
    "images/avatar-50-50-10-50.jpg": 70,
    "images/avatar-50-50-10-90.jpg": 54,
    "images/avatar-90-50-10-90.jpg": 18,
    "images/avatar-10-10-10-90.jpg": 28,
    "images/avatar-90-10-50-90.jpg": 48,
    "images/avatar-10-50-90-50.jpg": 78,
    "images/avatar-50-50-90-90.jpg": 34,
    "images/avatar-90-90-50-90.jpg": 31,
    "images/avatar-10-50-90-10.jpg": 45,
    "images/avatar-50-10-10-90.jpg": 34,
    "images/avatar-90-50-90-90.jpg": 43,
    "images/avatar-10-90-50-50.jpg": 59,
    "images/avatar-50-10-50-90.jpg": 50,
    "images/avatar-10-50-50-10.jpg": 57,
    "images/avatar-50-10-10-10.jpg": 45,
    "images/avatar-90-90-90-10.jpg": 35,
    "images/avatar-10-10-10-10.jpg": 10,
    "images/avatar-90-90-90-90.jpg": 54,
    "images/avatar-90-90-10-50.jpg": 26,
    "images/avatar-10-50-90-90.jpg": 34,
    "images/avatar-50-50-50-90.jpg": 32,
    "images/avatar-90-10-50-10.jpg": 39,
    "images/avatar-90-90-90-50.jpg": 60,
    "images/avatar-10-10-90-10.jpg": 26,
    "images/avatar-10-90-50-10.jpg": 31,
    "images/avatar-10-50-50-50.jpg": 48,
    "images/avatar-90-10-10-90.jpg": 40,
    "images/avatar-50-90-10-50.jpg": 40,
    "images/avatar-10-10-50-10.jpg": 27,
    "images/avatar-50-10-50-10.jpg": 21,
    "images/avatar-10-10-10-50.jpg": 23,
    "images/avatar-50-50-90-10.jpg": 42,
    "images/avatar-90-10-10-50.jpg": 35,
    "images/avatar-10-90-10-50.jpg": 42,
    "images/avatar-10-90-90-50.jpg": 45,
    "images/avatar-10-10-90-50.jpg": 55
}