{
    "images/avatar-90-50-50-10.jpg": 100,
    "images/avatar-50-90-10-10.jpg": 50,
    "images/avatar-50-10-90-90.jpg": 90,
    "images/avatar-50-50-50-50.jpg": 29,
    "images/avatar-50-10-10-50.jpg": 88,
    "images/avatar-10-90-10-90.jpg": 44,
    "images/avatar-90-10-90-50.jpg": 76,
    "images/avatar-90-90-50-50.jpg": 36,
    "images/avatar-50-90-50-10.jpg": 65,
    "images/avatar-90-10-50-50.jpg": 26,
    "images/avatar-90-50-10-10.jpg": 41,
    "images/avatar-90-10-10-10.jpg": 69,
    "images/avatar-10-90-90-10.jpg": 76,
    "images/avatar-50-90-50-90.jpg": 72,
    "images/avatar-90-90-50-10.jpg": 18,
    "images/avatar-10-90-50-90.jpg": 33,
    "images/avatar-90-50-90-10.jpg": 39,
    "images/avatar-90-90-10-10.jpg": 77,
    "images/avatar-50-10-90-50.jpg": 47,
    "images/avatar-10-10-50-50.jpg": 84,
    "images/avatar-10-50-50-90.jpg": 9,
    "images/avatar-90-50-90-50.jpg": 21,
    "images/avatar-50-50-50-10.jpg": 42,
    "images/avatar-90-90-10-90.jpg": 13,
    "images/avatar-50-10-90-10.jpg": 63,
    "images/avatar-10-50-10-90.jpg": 29,
    "images/avatar-90-10-90-10.jpg": 19,
    "images/avatar-90-50-50-50.jpg": 31,
    "images/avatar-50-10-50-50.jpg": 74,
    "images/avatar-50-90-90-10.jpg": 92,
    "images/avatar-10-90-10-10.jpg": 53,
    "images/avatar-50-50-10-10.jpg": 22,
    "images/avatar-10-90-90-90.jpg": 66,
    "images/avatar-90-50-10-50.jpg": 19,
    "images/avatar-10-10-90-90.jpg": 93,
    "images/avatar-50-90-90-90.jpg": 10,
    "images/avatar-50-90-50-50.jpg": 28,
    "images/avatar-50-50-10-50.jpg": 36,
    "images/avatar-50-50-10-90.jpg": 68,
    "images/avatar-90-50-10-90.jpg": 32,
    "images/avatar-10-10-10-90.jpg": 5,
    "images/avatar-90-10-50-90.jpg": 77,
    "images/avatar-10-50-90-50.jpg": 71,
    "images/avatar-50-50-90-90.jpg": 6,
    "images/avatar-90-90-50-90.jpg": 48,
    "images/avatar-10-50-90-10.jpg": 17,
    "images/avatar-50-10-10-90.jpg": 49,
    "images/avatar-90-50-90-90.jpg": 23,
    "images/avatar-10-90-50-50.jpg": 68,
    "images/avatar-50-10-50-90.jpg": 11,
    "images/avatar-10-50-50-10.jpg": 53,
    "images/avatar-50-10-10-10.jpg": 49,
    "images/avatar-90-90-90-10.jpg": 17,
    "images/avatar-10-10-10-10.jpg": 22,
    "images/avatar-90-90-90-90.jpg": 8,
    "images/avatar-90-90-10-50.jpg": 82,
    "images/avatar-10-50-90-90.jpg": 91,
    "images/avatar-50-50-50-90.jpg": 9,
    "images/avatar-90-10-50-10.jpg": 71,
    "images/avatar-90-90-90-50.jpg": 43,
    "images/avatar-10-10-90-10.jpg": 87,
    "images/avatar-10-90-50-10.jpg": 14,
    "images/avatar-10-50-50-50.jpg": 89,
    "images/avatar-90-10-10-90.jpg": 3,
    "images/avatar-50-90-10-50.jpg": 91,
    "images/avatar-10-10-50-10.jpg": 43,
    "images/avatar-50-10-50-10.jpg": 93,
    "images/avatar-10-10-10-50.jpg": 12,
    "images/avatar-50-50-90-10.jpg": 21,
    "images/avatar-90-10-10-50.jpg": 46,
    "images/avatar-10-90-10-50.jpg": 83,
    "images/avatar-10-90-90-50.jpg": 98,
    "images/avatar-10-10-90-50.jpg": 27
}