{
    "images/avatar-90-50-50-10.jpg": 67,
    "images/avatar-50-90-10-10.jpg": 87,
    "images/avatar-50-10-90-90.jpg": 16,
    "images/avatar-50-50-50-50.jpg": 30,
    "images/avatar-50-10-10-50.jpg": 38,
    "images/avatar-10-90-10-90.jpg": 13,
    "images/avatar-90-10-90-50.jpg": 11,
    "images/avatar-90-90-50-50.jpg": 19,
    "images/avatar-50-90-50-10.jpg": 77,
    "images/avatar-90-10-50-50.jpg": 35,
    "images/avatar-90-50-10-10.jpg": 57,
    "images/avatar-90-10-10-10.jpg": 65,
    "images/avatar-10-90-90-10.jpg": 66,
    "images/avatar-50-90-50-90.jpg": 14,
    "images/avatar-90-90-50-10.jpg": 67,
    "images/avatar-10-90-50-90.jpg": 17,
    "images/avatar-90-50-90-10.jpg": 54,
    "images/avatar-90-90-10-10.jpg": 71,
    "images/avatar-50-10-90-50.jpg": 19,
    "images/avatar-10-10-50-50.jpg": 17,
    "images/avatar-10-50-50-90.jpg": 21,
    "images/avatar-90-50-90-50.jpg": 24,
    "images/avatar-50-50-50-10.jpg": 52,
    "images/avatar-90-90-10-90.jpg": 28,
    "images/avatar-50-10-90-10.jpg": 54,
    "images/avatar-10-50-10-90.jpg": 16,
    "images/avatar-90-10-90-10.jpg": 50,
    "images/avatar-90-50-50-50.jpg": 28,
    "images/avatar-50-10-50-50.jpg": 21,
    "images/avatar-50-90-90-10.jpg": 64,
    "images/avatar-10-90-10-10.jpg": 71,
    "images/avatar-50-50-10-10.jpg": 58,
    "images/avatar-10-90-90-90.jpg": 18,
    "images/avatar-90-50-10-50.jpg": 19,
    "images/avatar-10-10-90-90.jpg": 27,
    "images/avatar-50-90-90-90.jpg": 33,
    "images/avatar-50-90-50-50.jpg": 36,
    "images/avatar-50-50-10-50.jpg": 28,
    "images/avatar-50-50-10-90.jpg": 33,
    "images/avatar-90-50-10-90.jpg": 44,
    "images/avatar-10-10-10-90.jpg": 20,
    "images/avatar-90-10-50-90.jpg": 8,
    "images/avatar-10-50-90-50.jpg": 16,
    "images/avatar-50-50-90-90.jpg": 13,
    "images/avatar-90-90-50-90.jpg": 16,
    "images/avatar-10-50-90-10.jpg": 57,
    "images/avatar-50-10-10-90.jpg": 10,
    "images/avatar-90-50-90-90.jpg": 17,
    "images/avatar-10-90-50-50.jpg": 12,
    "images/avatar-50-10-50-90.jpg": 10,
    "images/avatar-10-50-50-10.jpg": 75,
    "images/avatar-50-10-10-10.jpg": 50,
    "images/avatar-90-90-90-10.jpg": 58,
    "images/avatar-10-10-10-10.jpg": 75,
    "images/avatar-90-90-90-90.jpg": 25,
    "images/avatar-90-90-10-50.jpg": 18,
    "images/avatar-10-50-90-90.jpg": 30,
    "images/avatar-50-50-50-90.jpg": 24,
    "images/avatar-90-10-50-10.jpg": 68,
    "images/avatar-90-90-90-50.jpg": 25,
    "images/avatar-10-10-90-10.jpg": 65,
    "images/avatar-10-90-50-10.jpg": 64,
    "images/avatar-10-50-50-50.jpg": 17,
    "images/avatar-90-10-10-90.jpg": 25,
    "images/avatar-50-90-10-50.jpg": 19,
    "images/avatar-10-10-50-10.jpg": 74,
    "images/avatar-50-10-50-10.jpg": 60,
    "images/avatar-10-10-10-50.jpg": 14,
    "images/avatar-50-50-90-10.jpg": 49,
    "images/avatar-90-10-10-50.jpg": 18,
    "images/avatar-10-90-10-50.jpg": 21,
    "images/avatar-10-90-90-50.jpg": 16,
    "images/avatar-10-10-90-50.jpg": 17
}