{
    "images/avatar-90-50-50-10.jpg": 61,
    "images/avatar-50-90-10-10.jpg": 61,
    "images/avatar-50-10-90-90.jpg": 37,
    "images/avatar-50-50-50-50.jpg": 27,
    "images/avatar-50-10-10-50.jpg": 36,
    "images/avatar-10-90-10-90.jpg": 51,
    "images/avatar-90-10-90-50.jpg": 40,
    "images/avatar-90-90-50-50.jpg": 69,
    "images/avatar-50-90-50-10.jpg": 69,
    "images/avatar-90-10-50-50.jpg": 69,
    "images/avatar-90-50-10-10.jpg": 69,
    "images/avatar-90-10-10-10.jpg": 64,
    "images/avatar-10-90-90-10.jpg": 74,
    "images/avatar-50-90-50-90.jpg": 26,
    "images/avatar-90-90-50-10.jpg": 43,
    "images/avatar-10-90-50-90.jpg": 24,
    "images/avatar-90-50-90-10.jpg": 48,
    "images/avatar-90-90-10-10.jpg": 42,
    "images/avatar-50-10-90-50.jpg": 55,
    "images/avatar-10-10-50-50.jpg": 77,
    "images/avatar-10-50-50-90.jpg": 41,
    "images/avatar-90-50-90-50.jpg": 79,
    "images/avatar-50-50-50-10.jpg": 50,
    "images/avatar-90-90-10-90.jpg": 77,
    "images/avatar-50-10-90-10.jpg": 53,
    "images/avatar-10-50-10-90.jpg": 70,
    "images/avatar-90-10-90-10.jpg": 47,
    "images/avatar-90-50-50-50.jpg": 88,
    "images/avatar-50-10-50-50.jpg": 59,
    "images/avatar-50-90-90-10.jpg": 59,
    "images/avatar-10-90-10-10.jpg": 28,
    "images/avatar-50-50-10-10.jpg": 34,
    "images/avatar-10-90-90-90.jpg": 66,
    "images/avatar-90-50-10-50.jpg": 72,
    "images/avatar-10-10-90-90.jpg": 83,
    "images/avatar-50-90-90-90.jpg": 30,
    "images/avatar-50-90-50-50.jpg": 94,
    "images/avatar-50-50-10-50.jpg": 69,
    "images/avatar-50-50-10-90.jpg": 64,
    "images/avatar-90-50-10-90.jpg": 90,
    "images/avatar-10-10-10-90.jpg": 52,
    "images/avatar-90-10-50-90.jpg": 82,
    "images/avatar-10-50-90-50.jpg": 68,
    "images/avatar-50-50-90-90.jpg": 46,
    "images/avatar-90-90-50-90.jpg": 58,
    "images/avatar-10-50-90-10.jpg": 32,
    "images/avatar-50-10-10-90.jpg": 57,
    "images/avatar-90-50-90-90.jpg": 62,
    "images/avatar-10-90-50-50.jpg": 64,
    "images/avatar-50-10-50-90.jpg": 67,
    "images/avatar-10-50-50-10.jpg": 49,
    "images/avatar-50-10-10-10.jpg": 50,
    "images/avatar-90-90-90-10.jpg": 47,
    "images/avatar-10-10-10-10.jpg": 70,
    "images/avatar-90-90-90-90.jpg": 56,
    "images/avatar-90-90-10-50.jpg": 17,
    "images/avatar-10-50-90-90.jpg": 41,
    "images/avatar-50-50-50-90.jpg": 72,
    "images/avatar-90-10-50-10.jpg": 11,
    "images/avatar-90-90-90-50.jpg": 56,
    "images/avatar-10-10-90-10.jpg": 13,
    "images/avatar-10-90-50-10.jpg": 55,
    "images/avatar-10-50-50-50.jpg": 73,
    "images/avatar-90-10-10-90.jpg": 51,
    "images/avatar-50-90-10-50.jpg": 76,
    "images/avatar-10-10-50-10.jpg": 85,
    "images/avatar-50-10-50-10.jpg": 48,
    "images/avatar-10-10-10-50.jpg": 69,
    "images/avatar-50-50-90-10.jpg": 46,
    "images/avatar-90-10-10-50.jpg": 72,
    "images/avatar-10-90-10-50.jpg": 72,
    "images/avatar-10-90-90-50.jpg": 26,
    "images/avatar-10-10-90-50.jpg": 56
}