{
    "images/avatar-90-50-50-10.jpg": 39,
    "images/avatar-50-90-10-10.jpg": 53,
    "images/avatar-50-10-90-90.jpg": 53,
    "images/avatar-50-50-50-50.jpg": 45,
    "images/avatar-50-10-10-50.jpg": 80,
    "images/avatar-10-90-10-90.jpg": 79,
    "images/avatar-90-10-90-50.jpg": 79,
    "images/avatar-90-90-50-50.jpg": 28,
    "images/avatar-50-90-50-10.jpg": 38,
    "images/avatar-90-10-50-50.jpg": 52,
    "images/avatar-90-50-10-10.jpg": 62,
    "images/avatar-90-10-10-10.jpg": 84,
    "images/avatar-10-90-90-10.jpg": 60,
    "images/avatar-50-90-50-90.jpg": 46,
    "images/avatar-90-90-50-10.jpg": 64,
    "images/avatar-10-90-50-90.jpg": 73,
    "images/avatar-90-50-90-10.jpg": 71,
    "images/avatar-90-90-10-10.jpg": 75,
    "images/avatar-50-10-90-50.jpg": 33,
    "images/avatar-10-10-50-50.jpg": 75,
    "images/avatar-10-50-50-90.jpg": 47,
    "images/avatar-90-50-90-50.jpg": 71,
    "images/avatar-50-50-50-10.jpg": 84,
    "images/avatar-90-90-10-90.jpg": 43,
    "images/avatar-50-10-90-10.jpg": 62,
    "images/avatar-10-50-10-90.jpg": 77,
    "images/avatar-90-10-90-10.jpg": 33,
    "images/avatar-90-50-50-50.jpg": 64,
    "images/avatar-50-10-50-50.jpg": 87,
    "images/avatar-50-90-90-10.jpg": 35,
    "images/avatar-10-90-10-10.jpg": 60,
    "images/avatar-50-50-10-10.jpg": 72,
    "images/avatar-10-90-90-90.jpg": 40,
    "images/avatar-90-50-10-50.jpg": 75,
    "images/avatar-10-10-90-90.jpg": 87,
    "images/avatar-50-90-90-90.jpg": 44,
    "images/avatar-50-90-50-50.jpg": 57,
    "images/avatar-50-50-10-50.jpg": 72,
    "images/avatar-50-50-10-90.jpg": 26,
    "images/avatar-90-50-10-90.jpg": 54,
    "images/avatar-10-10-10-90.jpg": 71,
    "images/avatar-90-10-50-90.jpg": 75,
    "images/avatar-10-50-90-50.jpg": 32,
    "images/avatar-50-50-90-90.jpg": 52,
    "images/avatar-90-90-50-90.jpg": 73,
    "images/avatar-10-50-90-10.jpg": 42,
    "images/avatar-50-10-10-90.jpg": 58,
    "images/avatar-90-50-90-90.jpg": 64,
    "images/avatar-10-90-50-50.jpg": 40,
    "images/avatar-50-10-50-90.jpg": 71,
    "images/avatar-10-50-50-10.jpg": 35,
    "images/avatar-50-10-10-10.jpg": 75,
    "images/avatar-90-90-90-10.jpg": 82,
    "images/avatar-10-10-10-10.jpg": 43,
    "images/avatar-90-90-90-90.jpg": 80,
    "images/avatar-90-90-10-50.jpg": 47,
    "images/avatar-10-50-90-90.jpg": 73,
    "images/avatar-50-50-50-90.jpg": 45,
    "images/avatar-90-10-50-10.jpg": 84,
    "images/avatar-90-90-90-50.jpg": 56,
    "images/avatar-10-10-90-10.jpg": 25,
    "images/avatar-10-90-50-10.jpg": 62,
    "images/avatar-10-50-50-50.jpg": 75,
    "images/avatar-90-10-10-90.jpg": 35,
    "images/avatar-50-90-10-50.jpg": 51,
    "images/avatar-10-10-50-10.jpg": 84,
    "images/avatar-50-10-50-10.jpg": 60,
    "images/avatar-10-10-10-50.jpg": 39,
    "images/avatar-50-50-90-10.jpg": 52,
    "images/avatar-90-10-10-50.jpg": 78,
    "images/avatar-10-90-10-50.jpg": 29,
    "images/avatar-10-90-90-50.jpg": 75,
    "images/avatar-10-10-90-50.jpg": 49
}