{
    "images/avatar-90-50-50-10.jpg": 40,
    "images/avatar-50-90-10-10.jpg": 21,
    "images/avatar-50-10-90-90.jpg": 7,
    "images/avatar-50-50-50-50.jpg": 19,
    "images/avatar-50-10-10-50.jpg": 30,
    "images/avatar-10-90-10-90.jpg": 10,
    "images/avatar-90-10-90-50.jpg": 29,
    "images/avatar-90-90-50-50.jpg": 13,
    "images/avatar-50-90-50-10.jpg": 54,
    "images/avatar-90-10-50-50.jpg": 29,
    "images/avatar-90-50-10-10.jpg": 27,
    "images/avatar-90-10-10-10.jpg": 29,
    "images/avatar-10-90-90-10.jpg": 53,
    "images/avatar-50-90-50-90.jpg": 32,
    "images/avatar-90-90-50-10.jpg": 20,
    "images/avatar-10-90-50-90.jpg": 11,
    "images/avatar-90-50-90-10.jpg": 66,
    "images/avatar-90-90-10-10.jpg": 33,
    "images/avatar-50-10-90-50.jpg": 13,
    "images/avatar-10-10-50-50.jpg": 22,
    "images/avatar-10-50-50-90.jpg": 22,
    "images/avatar-90-50-90-50.jpg": 18,
    "images/avatar-50-50-50-10.jpg": 38,
    "images/avatar-90-90-10-90.jpg": 24,
    "images/avatar-50-10-90-10.jpg": 68,
    "images/avatar-10-50-10-90.jpg": 19,
    "images/avatar-90-10-90-10.jpg": 29,
    "images/avatar-90-50-50-50.jpg": 29,
    "images/avatar-50-10-50-50.jpg": 18,
    "images/avatar-50-90-90-10.jpg": 60,
    "images/avatar-10-90-10-10.jpg": 30,
    "images/avatar-50-50-10-10.jpg": 25,
    "images/avatar-10-90-90-90.jpg": 31,
    "images/avatar-90-50-10-50.jpg": 21,
    "images/avatar-10-10-90-90.jpg": 14,
    "images/avatar-50-90-90-90.jpg": 23,
    "images/avatar-50-90-50-50.jpg": 45,
    "images/avatar-50-50-10-50.jpg": 38,
    "images/avatar-50-50-10-90.jpg": 16,
    "images/avatar-90-50-10-90.jpg": 22,
    "images/avatar-10-10-10-90.jpg": 16,
    "images/avatar-90-10-50-90.jpg": 33,
    "images/avatar-10-50-90-50.jpg": 18,
    "images/avatar-50-50-90-90.jpg": 25,
    "images/avatar-90-90-50-90.jpg": 20,
    "images/avatar-10-50-90-10.jpg": 62,
    "images/avatar-50-10-10-90.jpg": 41,
    "images/avatar-90-50-90-90.jpg": 47,
    "images/avatar-10-90-50-50.jpg": 27,
    "images/avatar-50-10-50-90.jpg": 16,
    "images/avatar-10-50-50-10.jpg": 56,
    "images/avatar-50-10-10-10.jpg": 20,
    "images/avatar-90-90-90-10.jpg": 38,
    "images/avatar-10-10-10-10.jpg": 45,
    "images/avatar-90-90-90-90.jpg": 25,
    "images/avatar-90-90-10-50.jpg": 35,
    "images/avatar-10-50-90-90.jpg": 31,
    "images/avatar-50-50-50-90.jpg": 32,
    "images/avatar-90-10-50-10.jpg": 27,
    "images/avatar-90-90-90-50.jpg": 14,
    "images/avatar-10-10-90-10.jpg": 40,
    "images/avatar-10-90-50-10.jpg": 72,
    "images/avatar-10-50-50-50.jpg": 23,
    "images/avatar-90-10-10-90.jpg": 14,
    "images/avatar-50-90-10-50.jpg": 19,
    "images/avatar-10-10-50-10.jpg": 47,
    "images/avatar-50-10-50-10.jpg": 63,
    "images/avatar-10-10-10-50.jpg": 22,
    "images/avatar-50-50-90-10.jpg": 78,
    "images/avatar-90-10-10-50.jpg": 18,
    "images/avatar-10-90-10-50.jpg": 24,
    "images/avatar-10-90-90-50.jpg": 25,
    "images/avatar-10-10-90-50.jpg": 62
}