{
    "images/avatar-90-50-50-10.jpg": 36,
    "images/avatar-50-90-10-10.jpg": 70,
    "images/avatar-50-10-90-90.jpg": 35,
    "images/avatar-50-50-50-50.jpg": 29,
    "images/avatar-50-10-10-50.jpg": 16,
    "images/avatar-10-90-10-90.jpg": 87,
    "images/avatar-90-10-90-50.jpg": 29,
    "images/avatar-90-90-50-50.jpg": 48,
    "images/avatar-50-90-50-10.jpg": 74,
    "images/avatar-90-10-50-50.jpg": 41,
    "images/avatar-90-50-10-10.jpg": 32,
    "images/avatar-90-10-10-10.jpg": 70,
    "images/avatar-10-90-90-10.jpg": 51,
    "images/avatar-50-90-50-90.jpg": 43,
    "images/avatar-90-90-50-10.jpg": 74,
    "images/avatar-10-90-50-90.jpg": 27,
    "images/avatar-90-50-90-10.jpg": 82,
    "images/avatar-90-90-10-10.jpg": 69,
    "images/avatar-50-10-90-50.jpg": 43,
    "images/avatar-10-10-50-50.jpg": 31,
    "images/avatar-10-50-50-90.jpg": 56,
    "images/avatar-90-50-90-50.jpg": 63,
    "images/avatar-50-50-50-10.jpg": 43,
    "images/avatar-90-90-10-90.jpg": 59,
    "images/avatar-50-10-90-10.jpg": 28,
    "images/avatar-10-50-10-90.jpg": 40,
    "images/avatar-90-10-90-10.jpg": 47,
    "images/avatar-90-50-50-50.jpg": 62,
    "images/avatar-50-10-50-50.jpg": 46,
    "images/avatar-50-90-90-10.jpg": 16,
    "images/avatar-10-90-10-10.jpg": 27,
    "images/avatar-50-50-10-10.jpg": 42,
    "images/avatar-10-90-90-90.jpg": 1,
    "images/avatar-90-50-10-50.jpg": 29,
    "images/avatar-10-10-90-90.jpg": 48,
    "images/avatar-50-90-90-90.jpg": 48,
    "images/avatar-50-90-50-50.jpg": 21,
    "images/avatar-50-50-10-50.jpg": 71,
    "images/avatar-50-50-10-90.jpg": 49,
    "images/avatar-90-50-10-90.jpg": 20,
    "images/avatar-10-10-10-90.jpg": 61,
    "images/avatar-90-10-50-90.jpg": 59,
    "images/avatar-10-50-90-50.jpg": 59,
    "images/avatar-50-50-90-90.jpg": 70,
    "images/avatar-90-90-50-90.jpg": 36,
    "images/avatar-10-50-90-10.jpg": 67,
    "images/avatar-50-10-10-90.jpg": 38,
    "images/avatar-90-50-90-90.jpg": 68,
    "images/avatar-10-90-50-50.jpg": 42,
    "images/avatar-50-10-50-90.jpg": 40,
    "images/avatar-10-50-50-10.jpg": 29,
    "images/avatar-50-10-10-10.jpg": 54,
    "images/avatar-90-90-90-10.jpg": 58,
    "images/avatar-10-10-10-10.jpg": 41,
    "images/avatar-90-90-90-90.jpg": 65,
    "images/avatar-90-90-10-50.jpg": 69,
    "images/avatar-10-50-90-90.jpg": 35,
    "images/avatar-50-50-50-90.jpg": 53,
    "images/avatar-90-10-50-10.jpg": 24,
    "images/avatar-90-90-90-50.jpg": 51,
    "images/avatar-10-10-90-10.jpg": 20,
    "images/avatar-10-90-50-10.jpg": 1,
    "images/avatar-10-50-50-50.jpg": 32,
    "images/avatar-90-10-10-90.jpg": 71,
    "images/avatar-50-90-10-50.jpg": 47,
    "images/avatar-10-10-50-10.jpg": 1,
    "images/avatar-50-10-50-10.jpg": 76,
    "images/avatar-10-10-10-50.jpg": 29,
    "images/avatar-50-50-90-10.jpg": 60,
    "images/avatar-90-10-10-50.jpg": 1,
    "images/avatar-10-90-10-50.jpg": 72,
    "images/avatar-10-90-90-50.jpg": 17,
    "images/avatar-10-10-90-50.jpg": 16
}