{
    "images/avatar-90-50-50-10.jpg": 21,
    "images/avatar-50-90-10-10.jpg": 67,
    "images/avatar-50-10-90-90.jpg": 27,
    "images/avatar-50-50-50-50.jpg": 40,
    "images/avatar-50-10-10-50.jpg": 30,
    "images/avatar-10-90-10-90.jpg": 70,
    "images/avatar-90-10-90-50.jpg": 38,
    "images/avatar-90-90-50-50.jpg": 74,
    "images/avatar-50-90-50-10.jpg": 27,
    "images/avatar-90-10-50-50.jpg": 32,
    "images/avatar-90-50-10-10.jpg": 71,
    "images/avatar-90-10-10-10.jpg": 36,
    "images/avatar-10-90-90-10.jpg": 68,
    "images/avatar-50-90-50-90.jpg": 41,
    "images/avatar-90-90-50-10.jpg": 71,
    "images/avatar-10-90-50-90.jpg": 32,
    "images/avatar-90-50-90-10.jpg": 76,
    "images/avatar-90-90-10-10.jpg": 21,
    "images/avatar-50-10-90-50.jpg": 64,
    "images/avatar-10-10-50-50.jpg": 30,
    "images/avatar-10-50-50-90.jpg": 80,
    "images/avatar-90-50-90-50.jpg": 34,
    "images/avatar-50-50-50-10.jpg": 62,
    "images/avatar-90-90-10-90.jpg": 27,
    "images/avatar-50-10-90-10.jpg": 65,
    "images/avatar-10-50-10-90.jpg": 19,
    "images/avatar-90-10-90-10.jpg": 36,
    "images/avatar-90-50-50-50.jpg": 45,
    "images/avatar-50-10-50-50.jpg": 80,
    "images/avatar-50-90-90-10.jpg": 24,
    "images/avatar-10-90-10-10.jpg": 66,
    "images/avatar-50-50-10-10.jpg": 36,
    "images/avatar-10-90-90-90.jpg": 76,
    "images/avatar-90-50-10-50.jpg": 41,
    "images/avatar-10-10-90-90.jpg": 69,
    "images/avatar-50-90-90-90.jpg": 32,
    "images/avatar-50-90-50-50.jpg": 67,
    "images/avatar-50-50-10-50.jpg": 29,
    "images/avatar-50-50-10-90.jpg": 73,
    "images/avatar-90-50-10-90.jpg": 32,
    "images/avatar-10-10-10-90.jpg": 69,
    "images/avatar-90-10-50-90.jpg": 36,
    "images/avatar-10-50-90-50.jpg": 66,
    "images/avatar-50-50-90-90.jpg": 29,
    "images/avatar-90-90-50-90.jpg": 71,
    "images/avatar-10-50-90-10.jpg": 40,
    "images/avatar-50-10-10-90.jpg": 62,
    "images/avatar-90-50-90-90.jpg": 31,
    "images/avatar-10-90-50-50.jpg": 64,
    "images/avatar-50-10-50-90.jpg": 38,
    "images/avatar-10-50-50-10.jpg": 60,
    "images/avatar-50-10-10-10.jpg": 67,
    "images/avatar-90-90-90-10.jpg": 27,
    "images/avatar-10-10-10-10.jpg": 38,
    "images/avatar-90-90-90-90.jpg": 73,
    "images/avatar-90-90-10-50.jpg": 25,
    "images/avatar-10-50-90-90.jpg": 36,
    "images/avatar-50-50-50-90.jpg": 73,
    "images/avatar-90-10-50-10.jpg": 64,
    "images/avatar-90-90-90-50.jpg": 36,
    "images/avatar-10-10-90-10.jpg": 66,
    "images/avatar-10-90-50-10.jpg": 36,
    "images/avatar-10-50-50-50.jpg": 68,
    "images/avatar-90-10-10-90.jpg": 31,
    "images/avatar-50-90-10-50.jpg": 31,
    "images/avatar-10-10-50-10.jpg": 77,
    "images/avatar-50-10-50-10.jpg": 42,
    "images/avatar-10-10-10-50.jpg": 74,
    "images/avatar-50-50-90-10.jpg": 36,
    "images/avatar-90-10-10-50.jpg": 73,
    "images/avatar-10-90-10-50.jpg": 36,
    "images/avatar-10-90-90-50.jpg": 57,
    "images/avatar-10-10-90-50.jpg": 24
}