{
    "images/avatar-90-50-50-10.jpg": 88,
    "images/avatar-50-90-10-10.jpg": 85,
    "images/avatar-50-10-90-90.jpg": 100,
    "images/avatar-50-50-50-50.jpg": 100,
    "images/avatar-50-10-10-50.jpg": 100,
    "images/avatar-10-90-10-90.jpg": 100,
    "images/avatar-90-10-90-50.jpg": 100,
    "images/avatar-90-90-50-50.jpg": 91,
    "images/avatar-50-90-50-10.jpg": 100,
    "images/avatar-90-10-50-50.jpg": 100,
    "images/avatar-90-50-10-10.jpg": 100,
    "images/avatar-90-10-10-10.jpg": 90,
    "images/avatar-10-90-90-10.jpg": 89,
    "images/avatar-50-90-50-90.jpg": 93,
    "images/avatar-90-90-50-10.jpg": 100,
    "images/avatar-10-90-50-90.jpg": 92,
    "images/avatar-90-50-90-10.jpg": 98,
    "images/avatar-90-90-10-10.jpg": 100,
    "images/avatar-50-10-90-50.jpg": 92,
    "images/avatar-10-10-50-50.jpg": 85,
    "images/avatar-10-50-50-90.jpg": 91,
    "images/avatar-90-50-90-50.jpg": 87,
    "images/avatar-50-50-50-10.jpg": 90,
    "images/avatar-90-90-10-90.jpg": 99,
    "images/avatar-50-10-90-10.jpg": 91,
    "images/avatar-10-50-10-90.jpg": 89,
    "images/avatar-90-10-90-10.jpg": 100,
    "images/avatar-90-50-50-50.jpg": 85,
    "images/avatar-50-10-50-50.jpg": 92,
    "images/avatar-50-90-90-10.jpg": 95,
    "images/avatar-10-90-10-10.jpg": 96,
    "images/avatar-50-50-10-10.jpg": 99,
    "images/avatar-10-90-90-90.jpg": 90,
    "images/avatar-90-50-10-50.jpg": 100,
    "images/avatar-10-10-90-90.jpg": 90,
    "images/avatar-50-90-90-90.jpg": 99,
    "images/avatar-50-90-50-50.jpg": 95,
    "images/avatar-50-50-10-50.jpg": 89,
    "images/avatar-50-50-10-90.jpg": 100,
    "images/avatar-90-50-10-90.jpg": 93,
    "images/avatar-10-10-10-90.jpg": 92,
    "images/avatar-90-10-50-90.jpg": 100,
    "images/avatar-10-50-90-50.jpg": 98,
    "images/avatar-50-50-90-90.jpg": 93,
    "images/avatar-90-90-50-90.jpg": 95,
    "images/avatar-10-50-90-10.jpg": 97,
    "images/avatar-50-10-10-90.jpg": 94,
    "images/avatar-90-50-90-90.jpg": 89,
    "images/avatar-10-90-50-50.jpg": 100,
    "images/avatar-50-10-50-90.jpg": 94,
    "images/avatar-10-50-50-10.jpg": 100,
    "images/avatar-50-10-10-10.jpg": 100,
    "images/avatar-90-90-90-10.jpg": 100,
    "images/avatar-10-10-10-10.jpg": 100,
    "images/avatar-90-90-90-90.jpg": 100,
    "images/avatar-90-90-10-50.jpg": 100,
    "images/avatar-10-50-90-90.jpg": 100,
    "images/avatar-50-50-50-90.jpg": 100,
    "images/avatar-90-10-50-10.jpg": 90,
    "images/avatar-90-90-90-50.jpg": 100,
    "images/avatar-10-10-90-10.jpg": 90,
    "images/avatar-10-90-50-10.jpg": 96,
    "images/avatar-10-50-50-50.jpg": 99,
    "images/avatar-90-10-10-90.jpg": 98,
    "images/avatar-50-90-10-50.jpg": 100,
    "images/avatar-10-10-50-10.jpg": 98,
    "images/avatar-50-10-50-10.jpg": 100,
    "images/avatar-10-10-10-50.jpg": 99,
    "images/avatar-50-50-90-10.jpg": 91,
    "images/avatar-90-10-10-50.jpg": 91,
    "images/avatar-10-90-10-50.jpg": 100,
    "images/avatar-10-90-90-50.jpg": 100,
    "images/avatar-10-10-90-50.jpg": 100
}