{
    "images/avatar-90-50-50-10.jpg": 43,
    "images/avatar-50-90-10-10.jpg": 58,
    "images/avatar-50-10-90-90.jpg": 19,
    "images/avatar-50-50-50-50.jpg": 71,
    "images/avatar-50-10-10-50.jpg": 59,
    "images/avatar-10-90-10-90.jpg": 27,
    "images/avatar-90-10-90-50.jpg": 60,
    "images/avatar-90-90-50-50.jpg": 40,
    "images/avatar-50-90-50-10.jpg": 66,
    "images/avatar-90-10-50-50.jpg": 30,
    "images/avatar-90-50-10-10.jpg": 71,
    "images/avatar-90-10-10-10.jpg": 32,
    "images/avatar-10-90-90-10.jpg": 53,
    "images/avatar-50-90-50-90.jpg": 77,
    "images/avatar-90-90-50-10.jpg": 76,
    "images/avatar-10-90-50-90.jpg": 17,
    "images/avatar-90-50-90-10.jpg": 49,
    "images/avatar-90-90-10-10.jpg": 22,
    "images/avatar-50-10-90-50.jpg": 54,
    "images/avatar-10-10-50-50.jpg": 74,
    "images/avatar-10-50-50-90.jpg": 36,
    "images/avatar-90-50-90-50.jpg": 98,
    "images/avatar-50-50-50-10.jpg": 25,
    "images/avatar-90-90-10-90.jpg": 40,
    "images/avatar-50-10-90-10.jpg": 81,
    "images/avatar-10-50-10-90.jpg": 99,
    "images/avatar-90-10-90-10.jpg": 26,
    "images/avatar-90-50-50-50.jpg": 68,
    "images/avatar-50-10-50-50.jpg": 43,
    "images/avatar-50-90-90-10.jpg": 63,
    "images/avatar-10-90-10-10.jpg": 83,
    "images/avatar-50-50-10-10.jpg": 30,
    "images/avatar-10-90-90-90.jpg": 42,
    "images/avatar-90-50-10-50.jpg": 57,
    "images/avatar-10-10-90-90.jpg": 27,
    "images/avatar-50-90-90-90.jpg": 54,
    "images/avatar-50-90-50-50.jpg": 25,
    "images/avatar-50-50-10-50.jpg": 57,
    "images/avatar-50-50-10-90.jpg": 93,
    "images/avatar-90-50-10-90.jpg": 24,
    "images/avatar-10-10-10-90.jpg": 74,
    "images/avatar-90-10-50-90.jpg": 34,
    "images/avatar-10-50-90-50.jpg": 54,
    "images/avatar-50-50-90-90.jpg": 28,
    "images/avatar-90-90-50-90.jpg": 75,
    "images/avatar-10-50-90-10.jpg": 77,
    "images/avatar-50-10-10-90.jpg": 55,
    "images/avatar-90-50-90-90.jpg": 24,
    "images/avatar-10-90-50-50.jpg": 38,
    "images/avatar-50-10-50-90.jpg": 60,
    "images/avatar-10-50-50-10.jpg": 44,
    "images/avatar-50-10-10-10.jpg": 37,
    "images/avatar-90-90-90-10.jpg": 32,
    "images/avatar-10-10-10-10.jpg": 53,
    "images/avatar-90-90-90-90.jpg": 33,
    "images/avatar-90-90-10-50.jpg": 50,
    "images/avatar-10-50-90-90.jpg": 66,
    "images/avatar-50-50-50-90.jpg": 29,
    "images/avatar-90-10-50-10.jpg": 50,
    "images/avatar-90-90-90-50.jpg": 70,
    "images/avatar-10-10-90-10.jpg": 44,
    "images/avatar-10-90-50-10.jpg": 57,
    "images/avatar-10-50-50-50.jpg": 10,
    "images/avatar-90-10-10-90.jpg": 79,
    "images/avatar-50-90-10-50.jpg": 13,
    "images/avatar-10-10-50-10.jpg": 25,
    "images/avatar-50-10-50-10.jpg": 59,
    "images/avatar-10-10-10-50.jpg": 84,
    "images/avatar-50-50-90-10.jpg": 11,
    "images/avatar-90-10-10-50.jpg": 81,
    "images/avatar-10-90-10-50.jpg": 17,
    "images/avatar-10-90-90-50.jpg": 26,
    "images/avatar-10-10-90-50.jpg": 54
}