{
    "images/avatar-90-50-50-10.jpg": 67,
    "images/avatar-50-90-10-10.jpg": 16,
    "images/avatar-50-10-90-90.jpg": 63,
    "images/avatar-50-50-50-50.jpg": 40,
    "images/avatar-50-10-10-50.jpg": 67,
    "images/avatar-10-90-10-90.jpg": 40,
    "images/avatar-90-10-90-50.jpg": 62,
    "images/avatar-90-90-50-50.jpg": 29,
    "images/avatar-50-90-50-10.jpg": 60,
    "images/avatar-90-10-50-50.jpg": 39,
    "images/avatar-90-50-10-10.jpg": 32,
    "images/avatar-90-10-10-10.jpg": 41,
    "images/avatar-10-90-90-10.jpg": 63,
    "images/avatar-50-90-50-90.jpg": 47,
    "images/avatar-90-90-50-10.jpg": 72,
    "images/avatar-10-90-50-90.jpg": 54,
    "images/avatar-90-50-90-10.jpg": 60,
    "images/avatar-90-90-10-10.jpg": 77,
    "images/avatar-50-10-90-50.jpg": 33,
    "images/avatar-10-10-50-50.jpg": 57,
    "images/avatar-10-50-50-90.jpg": 76,
    "images/avatar-90-50-90-50.jpg": 47,
    "images/avatar-50-50-50-10.jpg": 78,
    "images/avatar-90-90-10-90.jpg": 44,
    "images/avatar-50-10-90-10.jpg": 56,
    "images/avatar-10-50-10-90.jpg": 39,
    "images/avatar-90-10-90-10.jpg": 66,
    "images/avatar-90-50-50-50.jpg": 34,
    "images/avatar-50-10-50-50.jpg": 78,
    "images/avatar-50-90-90-10.jpg": 47,
    "images/avatar-10-90-10-10.jpg": 38,
    "images/avatar-50-50-10-10.jpg": 67,
    "images/avatar-10-90-90-90.jpg": 44,
    "images/avatar-90-50-10-50.jpg": 28,
    "images/avatar-10-10-90-90.jpg": 17,
    "images/avatar-50-90-90-90.jpg": 84,
    "images/avatar-50-90-50-50.jpg": 66,
    "images/avatar-50-50-10-50.jpg": 44,
    "images/avatar-50-50-10-90.jpg": 25,
    "images/avatar-90-50-10-90.jpg": 17,
    "images/avatar-10-10-10-90.jpg": 29,
    "images/avatar-90-10-50-90.jpg": 28,
    "images/avatar-10-50-90-50.jpg": 60,
    "images/avatar-50-50-90-90.jpg": 73,
    "images/avatar-90-90-50-90.jpg": 55,
    "images/avatar-10-50-90-10.jpg": 21,
    "images/avatar-50-10-10-90.jpg": 28,
    "images/avatar-90-50-90-90.jpg": 18,
    "images/avatar-10-90-50-50.jpg": 10,
    "images/avatar-50-10-50-90.jpg": 82,
    "images/avatar-10-50-50-10.jpg": 35,
    "images/avatar-50-10-10-10.jpg": 76,
    "images/avatar-90-90-90-10.jpg": 39,
    "images/avatar-10-10-10-10.jpg": 29,
    "images/avatar-90-90-90-90.jpg": 50,
    "images/avatar-90-90-10-50.jpg": 87,
    "images/avatar-10-50-90-90.jpg": 77,
    "images/avatar-50-50-50-90.jpg": 67,
    "images/avatar-90-10-50-10.jpg": 54,
    "images/avatar-90-90-90-50.jpg": 40,
    "images/avatar-10-10-90-10.jpg": 27,
    "images/avatar-10-90-50-10.jpg": 21,
    "images/avatar-10-50-50-50.jpg": 43,
    "images/avatar-90-10-10-90.jpg": 54,
    "images/avatar-50-90-10-50.jpg": 69,
    "images/avatar-10-10-50-10.jpg": 52,
    "images/avatar-50-10-50-10.jpg": 72,
    "images/avatar-10-10-10-50.jpg": 58,
    "images/avatar-50-50-90-10.jpg": 44,
    "images/avatar-90-10-10-50.jpg": 57,
    "images/avatar-10-90-10-50.jpg": 76,
    "images/avatar-10-90-90-50.jpg": 34,
    "images/avatar-10-10-90-50.jpg": 68
}