{
    "images/avatar-90-50-50-10.jpg": 2,
    "images/avatar-50-90-10-10.jpg": 2,
    "images/avatar-50-10-90-90.jpg": 24,
    "images/avatar-50-50-50-50.jpg": 4,
    "images/avatar-50-10-10-50.jpg": 20,
    "images/avatar-10-90-10-90.jpg": 15,
    "images/avatar-90-10-90-50.jpg": 32,
    "images/avatar-90-90-50-50.jpg": 19,
    "images/avatar-50-90-50-10.jpg": 24,
    "images/avatar-90-10-50-50.jpg": 23,
    "images/avatar-90-50-10-10.jpg": 24,
    "images/avatar-90-10-10-10.jpg": 14,
    "images/avatar-10-90-90-10.jpg": 22,
    "images/avatar-50-90-50-90.jpg": 5,
    "images/avatar-90-90-50-10.jpg": 35,
    "images/avatar-10-90-50-90.jpg": 31,
    "images/avatar-90-50-90-10.jpg": 5,
    "images/avatar-90-90-10-10.jpg": 29,
    "images/avatar-50-10-90-50.jpg": 34,
    "images/avatar-10-10-50-50.jpg": 38,
    "images/avatar-10-50-50-90.jpg": 34,
    "images/avatar-90-50-90-50.jpg": 38,
    "images/avatar-50-50-50-10.jpg": 37,
    "images/avatar-90-90-10-90.jpg": 30,
    "images/avatar-50-10-90-10.jpg": 27,
    "images/avatar-10-50-10-90.jpg": 28,
    "images/avatar-90-10-90-10.jpg": 21,
    "images/avatar-90-50-50-50.jpg": 70,
    "images/avatar-50-10-50-50.jpg": 1,
    "images/avatar-50-90-90-10.jpg": 1,
    "images/avatar-10-90-10-10.jpg": 1,
    "images/avatar-50-50-10-10.jpg": 1,
    "images/avatar-10-90-90-90.jpg": 5,
    "images/avatar-90-50-10-50.jpg": 3,
    "images/avatar-10-10-90-90.jpg": 2,
    "images/avatar-50-90-90-90.jpg": 3,
    "images/avatar-50-90-50-50.jpg": 2,
    "images/avatar-50-50-10-50.jpg": 2,
    "images/avatar-50-50-10-90.jpg": 3,
    "images/avatar-90-50-10-90.jpg": 2,
    "images/avatar-10-10-10-90.jpg": 2,
    "images/avatar-90-10-50-90.jpg": 5,
    "images/avatar-10-50-90-50.jpg": 4,
    "images/avatar-50-50-90-90.jpg": 4,
    "images/avatar-90-90-50-90.jpg": 4,
    "images/avatar-10-50-90-10.jpg": 4,
    "images/avatar-50-10-10-90.jpg": 4,
    "images/avatar-90-50-90-90.jpg": 4,
    "images/avatar-10-90-50-50.jpg": 4,
    "images/avatar-50-10-50-90.jpg": 5,
    "images/avatar-10-50-50-10.jpg": 12,
    "images/avatar-50-10-10-10.jpg": 4,
    "images/avatar-90-90-90-10.jpg": 4,
    "images/avatar-10-10-10-10.jpg": 4,
    "images/avatar-90-90-90-90.jpg": 5,
    "images/avatar-90-90-10-50.jpg": 4,
    "images/avatar-10-50-90-90.jpg": 4,
    "images/avatar-50-50-50-90.jpg": 4,
    "images/avatar-90-10-50-10.jpg": 4,
    "images/avatar-90-90-90-50.jpg": 4,
    "images/avatar-10-10-90-10.jpg": 5,
    "images/avatar-10-90-50-10.jpg": 5,
    "images/avatar-10-50-50-50.jpg": 5,
    "images/avatar-90-10-10-90.jpg": 4,
    "images/avatar-50-90-10-50.jpg": 4,
    "images/avatar-10-10-50-10.jpg": 4,
    "images/avatar-50-10-50-10.jpg": 4,
    "images/avatar-10-10-10-50.jpg": 4,
    "images/avatar-50-50-90-10.jpg": 4,
    "images/avatar-90-10-10-50.jpg": 4,
    "images/avatar-10-90-10-50.jpg": 4,
    "images/avatar-10-90-90-50.jpg": 4,
    "images/avatar-10-10-90-50.jpg": 4
}