{
    "images/avatar-90-50-50-10.jpg": 18,
    "images/avatar-50-90-10-10.jpg": 89,
    "images/avatar-50-10-90-90.jpg": 66,
    "images/avatar-50-50-50-50.jpg": 21,
    "images/avatar-50-10-10-50.jpg": 45,
    "images/avatar-10-90-10-90.jpg": 83,
    "images/avatar-90-10-90-50.jpg": 51,
    "images/avatar-90-90-50-50.jpg": 24,
    "images/avatar-50-90-50-10.jpg": 66,
    "images/avatar-90-10-50-50.jpg": 52,
    "images/avatar-90-50-10-10.jpg": 38,
    "images/avatar-90-10-10-10.jpg": 85,
    "images/avatar-10-90-90-10.jpg": 69,
    "images/avatar-50-90-50-90.jpg": 67,
    "images/avatar-90-90-50-10.jpg": 10,
    "images/avatar-10-90-50-90.jpg": 86,
    "images/avatar-90-50-90-10.jpg": 18,
    "images/avatar-90-90-10-10.jpg": 35,
    "images/avatar-50-10-90-50.jpg": 85,
    "images/avatar-10-10-50-50.jpg": 28,
    "images/avatar-10-50-50-90.jpg": 78,
    "images/avatar-90-50-90-50.jpg": 44,
    "images/avatar-50-50-50-10.jpg": 20,
    "images/avatar-90-90-10-90.jpg": 84,
    "images/avatar-50-10-90-10.jpg": 42,
    "images/avatar-10-50-10-90.jpg": 84,
    "images/avatar-90-10-90-10.jpg": 27,
    "images/avatar-90-50-50-50.jpg": 63,
    "images/avatar-50-10-50-50.jpg": 11,
    "images/avatar-50-90-90-10.jpg": 26,
    "images/avatar-10-90-10-10.jpg": 48,
    "images/avatar-50-50-10-10.jpg": 82,
    "images/avatar-10-90-90-90.jpg": 39,
    "images/avatar-90-50-10-50.jpg": 34,
    "images/avatar-10-10-90-90.jpg": 76,
    "images/avatar-50-90-90-90.jpg": 26,
    "images/avatar-50-90-50-50.jpg": 76,
    "images/avatar-50-50-10-50.jpg": 48,
    "images/avatar-50-50-10-90.jpg": 73,
    "images/avatar-90-50-10-90.jpg": 41,
    "images/avatar-10-10-10-90.jpg": 92,
    "images/avatar-90-10-50-90.jpg": 26,
    "images/avatar-10-50-90-50.jpg": 28,
    "images/avatar-50-50-90-90.jpg": 61,
    "images/avatar-90-90-50-90.jpg": 30,
    "images/avatar-10-50-90-10.jpg": 62,
    "images/avatar-50-10-10-90.jpg": 73,
    "images/avatar-90-50-90-90.jpg": 21,
    "images/avatar-10-90-50-50.jpg": 85,
    "images/avatar-50-10-50-90.jpg": 67,
    "images/avatar-10-50-50-10.jpg": 63,
    "images/avatar-50-10-10-10.jpg": 17,
    "images/avatar-90-90-90-10.jpg": 66,
    "images/avatar-10-10-10-10.jpg": 9,
    "images/avatar-90-90-90-90.jpg": 70,
    "images/avatar-90-90-10-50.jpg": 82,
    "images/avatar-10-50-90-90.jpg": 66,
    "images/avatar-50-50-50-90.jpg": 32,
    "images/avatar-90-10-50-10.jpg": 82,
    "images/avatar-90-90-90-50.jpg": 58,
    "images/avatar-10-10-90-10.jpg": 32,
    "images/avatar-10-90-50-10.jpg": 63,
    "images/avatar-10-50-50-50.jpg": 25,
    "images/avatar-90-10-10-90.jpg": 54,
    "images/avatar-50-90-10-50.jpg": 87,
    "images/avatar-10-10-50-10.jpg": 18,
    "images/avatar-50-10-50-10.jpg": 40,
    "images/avatar-10-10-10-50.jpg": 73,
    "images/avatar-50-50-90-10.jpg": 21,
    "images/avatar-90-10-10-50.jpg": 27,
    "images/avatar-10-90-10-50.jpg": 45,
    "images/avatar-10-90-90-50.jpg": 18,
    "images/avatar-10-10-90-50.jpg": 21
}