{
    "images/avatar-90-50-50-10.jpg": 96,
    "images/avatar-50-90-10-10.jpg": 75,
    "images/avatar-50-10-90-90.jpg": 94,
    "images/avatar-50-50-50-50.jpg": 80,
    "images/avatar-50-10-10-50.jpg": 63,
    "images/avatar-10-90-10-90.jpg": 93,
    "images/avatar-90-10-90-50.jpg": 80,
    "images/avatar-90-90-50-50.jpg": 98,
    "images/avatar-50-90-50-10.jpg": 82,
    "images/avatar-90-10-50-50.jpg": 97,
    "images/avatar-90-50-10-10.jpg": 70,
    "images/avatar-90-10-10-10.jpg": 99,
    "images/avatar-10-90-90-10.jpg": 64,
    "images/avatar-50-90-50-90.jpg": 52,
    "images/avatar-90-90-50-10.jpg": 77,
    "images/avatar-10-90-50-90.jpg": 45,
    "images/avatar-90-50-90-10.jpg": 11,
    "images/avatar-90-90-10-10.jpg": 75,
    "images/avatar-50-10-90-50.jpg": 95,
    "images/avatar-10-10-50-50.jpg": 61,
    "images/avatar-10-50-50-90.jpg": 73,
    "images/avatar-90-50-90-50.jpg": 94,
    "images/avatar-50-50-50-10.jpg": 77,
    "images/avatar-90-90-10-90.jpg": 68,
    "images/avatar-50-10-90-10.jpg": 36,
    "images/avatar-10-50-10-90.jpg": 47,
    "images/avatar-90-10-90-10.jpg": 90,
    "images/avatar-90-50-50-50.jpg": 78,
    "images/avatar-50-10-50-50.jpg": 94,
    "images/avatar-50-90-90-10.jpg": 93,
    "images/avatar-10-90-10-10.jpg": 52,
    "images/avatar-50-50-10-10.jpg": 82,
    "images/avatar-10-90-90-90.jpg": 79,
    "images/avatar-90-50-10-50.jpg": 43,
    "images/avatar-10-10-90-90.jpg": 69,
    "images/avatar-50-90-90-90.jpg": 84,
    "images/avatar-50-90-50-50.jpg": 96,
    "images/avatar-50-50-10-50.jpg": 66,
    "images/avatar-50-50-10-90.jpg": 99,
    "images/avatar-90-50-10-90.jpg": 64,
    "images/avatar-10-10-10-90.jpg": 97,
    "images/avatar-90-10-50-90.jpg": 37,
    "images/avatar-10-50-90-50.jpg": 95,
    "images/avatar-50-50-90-90.jpg": 74,
    "images/avatar-90-90-50-90.jpg": 97,
    "images/avatar-10-50-90-10.jpg": 88,
    "images/avatar-50-10-10-90.jpg": 99,
    "images/avatar-90-50-90-90.jpg": 82,
    "images/avatar-10-90-50-50.jpg": 86,
    "images/avatar-50-10-50-90.jpg": 76,
    "images/avatar-10-50-50-10.jpg": 82,
    "images/avatar-50-10-10-10.jpg": 50,
    "images/avatar-90-90-90-10.jpg": 93,
    "images/avatar-10-10-10-10.jpg": 75,
    "images/avatar-90-90-90-90.jpg": 98,
    "images/avatar-90-90-10-50.jpg": 82,
    "images/avatar-10-50-90-90.jpg": 94,
    "images/avatar-50-50-50-90.jpg": 78,
    "images/avatar-90-10-50-10.jpg": 93,
    "images/avatar-90-90-90-50.jpg": 78,
    "images/avatar-10-10-90-10.jpg": 72,
    "images/avatar-10-90-50-10.jpg": 94,
    "images/avatar-10-50-50-50.jpg": 19,
    "images/avatar-90-10-10-90.jpg": 50,
    "images/avatar-50-90-10-50.jpg": 24,
    "images/avatar-10-10-50-10.jpg": 19,
    "images/avatar-50-10-50-10.jpg": 24,
    "images/avatar-10-10-10-50.jpg": 23,
    "images/avatar-50-50-90-10.jpg": 20,
    "images/avatar-90-10-10-50.jpg": 52,
    "images/avatar-10-90-10-50.jpg": 24,
    "images/avatar-10-90-90-50.jpg": 31,
    "images/avatar-10-10-90-50.jpg": 96
}