{
    "images/avatar-90-50-50-10.jpg": 46,
    "images/avatar-50-90-10-10.jpg": 42,
    "images/avatar-50-10-90-90.jpg": 40,
    "images/avatar-50-50-50-50.jpg": 46,
    "images/avatar-50-10-10-50.jpg": 16,
    "images/avatar-10-90-10-90.jpg": 48,
    "images/avatar-90-10-90-50.jpg": 42,
    "images/avatar-90-90-50-50.jpg": 46,
    "images/avatar-50-90-50-10.jpg": 46,
    "images/avatar-90-10-50-50.jpg": 41,
    "images/avatar-90-50-10-10.jpg": 47,
    "images/avatar-90-10-10-10.jpg": 26,
    "images/avatar-10-90-90-10.jpg": 56,
    "images/avatar-50-90-50-90.jpg": 66,
    "images/avatar-90-90-50-10.jpg": 47,
    "images/avatar-10-90-50-90.jpg": 51,
    "images/avatar-90-50-90-10.jpg": 55,
    "images/avatar-90-90-10-10.jpg": 32,
    "images/avatar-50-10-90-50.jpg": 41,
    "images/avatar-10-10-50-50.jpg": 35,
    "images/avatar-10-50-50-90.jpg": 54,
    "images/avatar-90-50-90-50.jpg": 46,
    "images/avatar-50-50-50-10.jpg": 60,
    "images/avatar-90-90-10-90.jpg": 52,
    "images/avatar-50-10-90-10.jpg": 44,
    "images/avatar-10-50-10-90.jpg": 47,
    "images/avatar-90-10-90-10.jpg": 44,
    "images/avatar-90-50-50-50.jpg": 34,
    "images/avatar-50-10-50-50.jpg": 40,
    "images/avatar-50-90-90-10.jpg": 46,
    "images/avatar-10-90-10-10.jpg": 44,
    "images/avatar-50-50-10-10.jpg": 32,
    "images/avatar-10-90-90-90.jpg": 47,
    "images/avatar-90-50-10-50.jpg": 38,
    "images/avatar-10-10-90-90.jpg": 56,
    "images/avatar-50-90-90-90.jpg": 49,
    "images/avatar-50-90-50-50.jpg": 54,
    "images/avatar-50-50-10-50.jpg": 58,
    "images/avatar-50-50-10-90.jpg": 70,
    "images/avatar-90-50-10-90.jpg": 73,
    "images/avatar-10-10-10-90.jpg": 56,
    "images/avatar-90-10-50-90.jpg": 55,
    "images/avatar-10-50-90-50.jpg": 45,
    "images/avatar-50-50-90-90.jpg": 48,
    "images/avatar-90-90-50-90.jpg": 52,
    "images/avatar-10-50-90-10.jpg": 48,
    "images/avatar-50-10-10-90.jpg": 57,
    "images/avatar-90-50-90-90.jpg": 57,
    "images/avatar-10-90-50-50.jpg": 68,
    "images/avatar-50-10-50-90.jpg": 49,
    "images/avatar-10-50-50-10.jpg": 41,
    "images/avatar-50-10-10-10.jpg": 45,
    "images/avatar-90-90-90-10.jpg": 52,
    "images/avatar-10-10-10-10.jpg": 53,
    "images/avatar-90-90-90-90.jpg": 55,
    "images/avatar-90-90-10-50.jpg": 62,
    "images/avatar-10-50-90-90.jpg": 48,
    "images/avatar-50-50-50-90.jpg": 54,
    "images/avatar-90-10-50-10.jpg": 55,
    "images/avatar-90-90-90-50.jpg": 55,
    "images/avatar-10-10-90-10.jpg": 43,
    "images/avatar-10-90-50-10.jpg": 51,
    "images/avatar-10-50-50-50.jpg": 56,
    "images/avatar-90-10-10-90.jpg": 57,
    "images/avatar-50-90-10-50.jpg": 52,
    "images/avatar-10-10-50-10.jpg": 58,
    "images/avatar-50-10-50-10.jpg": 55,
    "images/avatar-10-10-10-50.jpg": 55,
    "images/avatar-50-50-90-10.jpg": 59,
    "images/avatar-90-10-10-50.jpg": 53,
    "images/avatar-10-90-10-50.jpg": 53,
    "images/avatar-10-90-90-50.jpg": 60,
    "images/avatar-10-10-90-50.jpg": 43
}