{
    "images/avatar-90-50-50-10.jpg": 95,
    "images/avatar-50-90-10-10.jpg": 14,
    "images/avatar-50-10-90-90.jpg": 29,
    "images/avatar-50-50-50-50.jpg": 42,
    "images/avatar-50-10-10-50.jpg": 32,
    "images/avatar-10-90-10-90.jpg": 62,
    "images/avatar-90-10-90-50.jpg": 81,
    "images/avatar-90-90-50-50.jpg": 65,
    "images/avatar-50-90-50-10.jpg": 32,
    "images/avatar-90-10-50-50.jpg": 76,
    "images/avatar-90-50-10-10.jpg": 98,
    "images/avatar-90-10-10-10.jpg": 67,
    "images/avatar-10-90-90-10.jpg": 29,
    "images/avatar-50-90-50-90.jpg": 32,
    "images/avatar-90-90-50-10.jpg": 94,
    "images/avatar-10-90-50-90.jpg": 51,
    "images/avatar-90-50-90-10.jpg": 64,
    "images/avatar-90-90-10-10.jpg": 73,
    "images/avatar-50-10-90-50.jpg": 97,
    "images/avatar-10-10-50-50.jpg": 61,
    "images/avatar-10-50-50-90.jpg": 34,
    "images/avatar-90-50-90-50.jpg": 10,
    "images/avatar-50-50-50-10.jpg": 76,
    "images/avatar-90-90-10-90.jpg": 84,
    "images/avatar-50-10-90-10.jpg": 96,
    "images/avatar-10-50-10-90.jpg": 81,
    "images/avatar-90-10-90-10.jpg": 67,
    "images/avatar-90-50-50-50.jpg": 47,
    "images/avatar-50-10-50-50.jpg": 73,
    "images/avatar-50-90-90-10.jpg": 18,
    "images/avatar-10-90-10-10.jpg": 38,
    "images/avatar-50-50-10-10.jpg": 48,
    "images/avatar-10-90-90-90.jpg": 78,
    "images/avatar-90-50-10-50.jpg": 88,
    "images/avatar-10-10-90-90.jpg": 99,
    "images/avatar-50-90-90-90.jpg": 64,
    "images/avatar-50-90-50-50.jpg": 48,
    "images/avatar-50-50-10-50.jpg": 39,
    "images/avatar-50-50-10-90.jpg": 79,
    "images/avatar-90-50-10-90.jpg": 59,
    "images/avatar-10-10-10-90.jpg": 67,
    "images/avatar-90-10-50-90.jpg": 59,
    "images/avatar-10-50-90-50.jpg": 99,
    "images/avatar-50-50-90-90.jpg": 43,
    "images/avatar-90-90-50-90.jpg": 61,
    "images/avatar-10-50-90-10.jpg": 93,
    "images/avatar-50-10-10-90.jpg": 87,
    "images/avatar-90-50-90-90.jpg": 7,
    "images/avatar-10-90-50-50.jpg": 21,
    "images/avatar-50-10-50-90.jpg": 45,
    "images/avatar-10-50-50-10.jpg": 80,
    "images/avatar-50-10-10-10.jpg": 22,
    "images/avatar-90-90-90-10.jpg": 72,
    "images/avatar-10-10-10-10.jpg": 85,
    "images/avatar-90-90-90-90.jpg": 54,
    "images/avatar-90-90-10-50.jpg": 58,
    "images/avatar-10-50-90-90.jpg": 27,
    "images/avatar-50-50-50-90.jpg": 59,
    "images/avatar-90-10-50-10.jpg": 72,
    "images/avatar-90-90-90-50.jpg": 97,
    "images/avatar-10-10-90-10.jpg": 66,
    "images/avatar-10-90-50-10.jpg": 34,
    "images/avatar-10-50-50-50.jpg": 26,
    "images/avatar-90-10-10-90.jpg": 58,
    "images/avatar-50-90-10-50.jpg": 73,
    "images/avatar-10-10-50-10.jpg": 8,
    "images/avatar-50-10-50-10.jpg": 15,
    "images/avatar-10-10-10-50.jpg": 25,
    "images/avatar-50-50-90-10.jpg": 37,
    "images/avatar-90-10-10-50.jpg": 51,
    "images/avatar-10-90-10-50.jpg": 100,
    "images/avatar-10-90-90-50.jpg": 86,
    "images/avatar-10-10-90-50.jpg": 36
}