{
    "images/avatar-90-50-50-10.jpg": 78,
    "images/avatar-50-90-10-10.jpg": 42,
    "images/avatar-50-10-90-90.jpg": 84,
    "images/avatar-50-50-50-50.jpg": 78,
    "images/avatar-50-10-10-50.jpg": 16,
    "images/avatar-10-90-10-90.jpg": 87,
    "images/avatar-90-10-90-50.jpg": 31,
    "images/avatar-90-90-50-50.jpg": 74,
    "images/avatar-50-90-50-10.jpg": 30,
    "images/avatar-90-10-50-50.jpg": 80,
    "images/avatar-90-50-10-10.jpg": 21,
    "images/avatar-90-10-10-10.jpg": 77,
    "images/avatar-10-90-90-10.jpg": 22,
    "images/avatar-50-90-50-90.jpg": 35,
    "images/avatar-90-90-50-10.jpg": 23,
    "images/avatar-10-90-50-90.jpg": 72,
    "images/avatar-90-50-90-10.jpg": 18,
    "images/avatar-90-90-10-10.jpg": 72,
    "images/avatar-50-10-90-50.jpg": 40,
    "images/avatar-10-10-50-50.jpg": 70,
    "images/avatar-10-50-50-90.jpg": 78,
    "images/avatar-90-50-90-50.jpg": 18,
    "images/avatar-50-50-50-10.jpg": 60,
    "images/avatar-90-90-10-90.jpg": 97,
    "images/avatar-50-10-90-10.jpg": 31,
    "images/avatar-10-50-10-90.jpg": 57,
    "images/avatar-90-10-90-10.jpg": 27,
    "images/avatar-90-50-50-50.jpg": 62,
    "images/avatar-50-10-50-50.jpg": 83,
    "images/avatar-50-90-90-10.jpg": 30,
    "images/avatar-10-90-10-10.jpg": 63,
    "images/avatar-50-50-10-10.jpg": 13,
    "images/avatar-10-90-90-90.jpg": 81,
    "images/avatar-90-50-10-50.jpg": 19,
    "images/avatar-10-10-90-90.jpg": 85,
    "images/avatar-50-90-90-90.jpg": 15,
    "images/avatar-50-90-50-50.jpg": 87,
    "images/avatar-50-50-10-50.jpg": 23,
    "images/avatar-50-50-10-90.jpg": 100,
    "images/avatar-90-50-10-90.jpg": 57,
    "images/avatar-10-10-10-90.jpg": 79,
    "images/avatar-90-10-50-90.jpg": 60,
    "images/avatar-10-50-90-50.jpg": 47,
    "images/avatar-50-50-90-90.jpg": 79,
    "images/avatar-90-90-50-90.jpg": 20,
    "images/avatar-10-50-90-10.jpg": 81,
    "images/avatar-50-10-10-90.jpg": 46,
    "images/avatar-90-50-90-90.jpg": 69,
    "images/avatar-10-90-50-50.jpg": 36,
    "images/avatar-50-10-50-90.jpg": 81,
    "images/avatar-10-50-50-10.jpg": 91,
    "images/avatar-50-10-10-10.jpg": 27,
    "images/avatar-90-90-90-10.jpg": 80,
    "images/avatar-10-10-10-10.jpg": 100,
    "images/avatar-90-90-90-90.jpg": 28,
    "images/avatar-90-90-10-50.jpg": 65,
    "images/avatar-10-50-90-90.jpg": 28,
    "images/avatar-50-50-50-90.jpg": 85,
    "images/avatar-90-10-50-10.jpg": 61,
    "images/avatar-90-90-90-50.jpg": 33,
    "images/avatar-10-10-90-10.jpg": 46,
    "images/avatar-10-90-50-10.jpg": 75,
    "images/avatar-10-50-50-50.jpg": 38,
    "images/avatar-90-10-10-90.jpg": 71,
    "images/avatar-50-90-10-50.jpg": 94,
    "images/avatar-10-10-50-10.jpg": 35,
    "images/avatar-50-10-50-10.jpg": 63,
    "images/avatar-10-10-10-50.jpg": 83,
    "images/avatar-50-50-90-10.jpg": 30,
    "images/avatar-90-10-10-50.jpg": 58,
    "images/avatar-10-90-10-50.jpg": 84,
    "images/avatar-10-90-90-50.jpg": 81,
    "images/avatar-10-10-90-50.jpg": 50
}