{
    "images/avatar-90-50-50-10.jpg": 3,
    "images/avatar-50-90-10-10.jpg": 9,
    "images/avatar-50-10-90-90.jpg": 23,
    "images/avatar-50-50-50-50.jpg": 51,
    "images/avatar-50-10-10-50.jpg": 53,
    "images/avatar-10-90-10-90.jpg": 53,
    "images/avatar-90-10-90-50.jpg": 44,
    "images/avatar-90-90-50-50.jpg": 37,
    "images/avatar-50-90-50-10.jpg": 54,
    "images/avatar-90-10-50-50.jpg": 44,
    "images/avatar-90-50-10-10.jpg": 31,
    "images/avatar-90-10-10-10.jpg": 37,
    "images/avatar-10-90-90-10.jpg": 38,
    "images/avatar-50-90-50-90.jpg": 51,
    "images/avatar-90-90-50-10.jpg": 42,
    "images/avatar-10-90-50-90.jpg": 1,
    "images/avatar-90-50-90-10.jpg": 50,
    "images/avatar-90-90-10-10.jpg": 1,
    "images/avatar-50-10-90-50.jpg": 1,
    "images/avatar-10-10-50-50.jpg": 47,
    "images/avatar-10-50-50-90.jpg": 1,
    "images/avatar-90-50-90-50.jpg": 1,
    "images/avatar-50-50-50-10.jpg": 48,
    "images/avatar-90-90-10-90.jpg": 1,
    "images/avatar-50-10-90-10.jpg": 1,
    "images/avatar-10-50-10-90.jpg": 1,
    "images/avatar-90-10-90-10.jpg": 44,
    "images/avatar-90-50-50-50.jpg": 1,
    "images/avatar-50-10-50-50.jpg": 1,
    "images/avatar-50-90-90-10.jpg": 47,
    "images/avatar-10-90-10-10.jpg": 1,
    "images/avatar-50-50-10-10.jpg": 45,
    "images/avatar-10-90-90-90.jpg": 1,
    "images/avatar-90-50-10-50.jpg": 1,
    "images/avatar-10-10-90-90.jpg": 1,
    "images/avatar-50-90-90-90.jpg": 1,
    "images/avatar-50-90-50-50.jpg": 1,
    "images/avatar-50-50-10-50.jpg": 55,
    "images/avatar-50-50-10-90.jpg": 1,
    "images/avatar-90-50-10-90.jpg": 1,
    "images/avatar-10-10-10-90.jpg": 1,
    "images/avatar-90-10-50-90.jpg": 56,
    "images/avatar-10-50-90-50.jpg": 1,
    "images/avatar-50-50-90-90.jpg": 42,
    "images/avatar-90-90-50-90.jpg": 1,
    "images/avatar-10-50-90-10.jpg": 50,
    "images/avatar-50-10-10-90.jpg": 42,
    "images/avatar-90-50-90-90.jpg": 52,
    "images/avatar-10-90-50-50.jpg": 50,
    "images/avatar-50-10-50-90.jpg": 46,
    "images/avatar-10-50-50-10.jpg": 50,
    "images/avatar-50-10-10-10.jpg": 50,
    "images/avatar-90-90-90-10.jpg": 45,
    "images/avatar-10-10-10-10.jpg": 55,
    "images/avatar-90-90-90-90.jpg": 47,
    "images/avatar-90-90-10-50.jpg": 46,
    "images/avatar-10-50-90-90.jpg": 49,
    "images/avatar-50-50-50-90.jpg": 55,
    "images/avatar-90-10-50-10.jpg": 49,
    "images/avatar-90-90-90-50.jpg": 51,
    "images/avatar-10-10-90-10.jpg": 53,
    "images/avatar-10-90-50-10.jpg": 51,
    "images/avatar-10-50-50-50.jpg": 45,
    "images/avatar-90-10-10-90.jpg": 58,
    "images/avatar-50-90-10-50.jpg": 45,
    "images/avatar-10-10-50-10.jpg": 46,
    "images/avatar-50-10-50-10.jpg": 52,
    "images/avatar-10-10-10-50.jpg": 43,
    "images/avatar-50-50-90-10.jpg": 52,
    "images/avatar-90-10-10-50.jpg": 57,
    "images/avatar-10-90-10-50.jpg": 46,
    "images/avatar-10-90-90-50.jpg": 46,
    "images/avatar-10-10-90-50.jpg": 52
}