{
    "images/car-135-83-33.jpg": 3,
    "images/car-90-83-67.jpg": 5,
    "images/car-225-83-33.jpg": 3,
    "images/car-0-83-33.jpg": 5,
    "images/car-180-83-67.jpg": 3,
    "images/car-45-83-100.jpg": 6,
    "images/car-90-83-33.jpg": 3,
    "images/car-135-83-100.jpg": 5,
    "images/car-225-83-100.jpg": 3,
    "images/car-180-83-33.jpg": 5,
    "images/car-315-83-67.jpg": 3,
    "images/car-315-83-33.jpg": 4,
    "images/car-180-83-100.jpg": 4,
    "images/car-0-83-100.jpg": 6,
    "images/car-135-83-67.jpg": 6,
    "images/car-0-83-67.jpg": 3,
    "images/car-225-83-67.jpg": 3,
    "images/car-315-83-100.jpg": 3,
    "images/car-270-83-33.jpg": 6,
    "images/car-45-83-67.jpg": 3,
    "images/car-45-83-33.jpg": 5,
    "images/car-270-83-100.jpg": 4,
    "images/car-90-83-100.jpg": 4,
    "images/car-270-83-67.jpg": 5
}